{"source": "C0001275.jpg", "name": "C0001275_block_21", "annotation": {"type": "LTRBxyxy", "gt": [[77, 77, 87, 88, 0]], "pred": [[76, 75, 85, 85], [67, 13, 82, 26]], "hard_sample": [], "score": [0.982571542263031, 0.7767067551612854], "label": [0, 0], "iou": [[0.47058823529411764, 0.0], [0.0, -1.0]], "offset": [1600, 100, 1600, 100]}, "classes": [0], "image": [112, 112], "numerical": null}