{"source": "C0003164.jpg", "name": "C0003164_block_218", "annotation": {"type": "LTRBxyxy", "gt": [[68, 101, 82, 112, 0]], "pred": [[67, 99, 79, 108], [54, 10, 59, 17], [0, 66, 13, 79]], "hard_sample": [], "score": [0.9677844047546387, 0.5899516940116882, 0.499363511800766, 0.45436492562294006], "label": [0, 0, 0, 0], "iou": [[0.41621621621621624, 0.0], [0.0, -1.0], [0.0, -1.0], [0.0, -1.0]], "offset": [800, 1200, 800, 1200]}, "classes": [0], "image": [112, 112], "numerical": null}