{"source": "C0001275.jpg", "name": "C0001275_block_194", "annotation": {"type": "LTRBxyxy", "gt": [[68, 63, 80, 73, 0]], "pred": [[70, 61, 79, 70], [85, 9, 94, 19], [73, 85, 85, 98]], "hard_sample": [], "score": [0.9203463196754456, 0.6944333910942078, 0.6118496656417847], "label": [0, 0, 0], "iou": [[0.45652173913043476, 0.0], [0.0, -1.0], [0.0, -1.0]], "offset": [400, 1100, 400, 1100]}, "classes": [0], "image": [112, 112], "numerical": null}