{"source": "C0001275.jpg", "name": "C0001275_block_121", "annotation": {"type": "LTRBxyxy", "gt": [[71, 17, 85, 27, 0], [93, 39, 106, 52, 0]], "pred": [[93, 38, 102, 48], [71, 15, 84, 25], [76, 59, 83, 65], [4, 5, 12, 14]], "hard_sample": [], "score": [0.8114370703697205, 0.8111733198165894, 0.7493568658828735, 0.6427916884422302, 0.641904890537262], "label": [0, 0, 0, 0, 0], "iou": [[0.4550561797752809, 1.0], [0.6265060240963856, 0.0], [0.0, -1.0], [0.0, -1.0], [0.0, -1.0]], "offset": [1000, 700, 1000, 700]}, "classes": [0, 0], "image": [112, 112], "numerical": null}