{"source": "C0007158.jpg", "name": "C0007158_block_233", "annotation": {"type": "LTRBxyxy", "gt": [[66, 36, 78, 50, 0]], "pred": [[64, 35, 76, 47]], "hard_sample": [], "score": [0.9545149803161621, 0.5394468903541565], "label": [0, 0], "iou": [[0.5445544554455446, 0.0], [0.0, -1.0]], "offset": [400, 1300, 400, 1300]}, "classes": [0], "image": [112, 112], "numerical": null}