{"source": "C0003164.jpg", "name": "C0003164_block_138", "annotation": {"type": "LTRBxyxy", "gt": [[55, 4, 70, 19, 0]], "pred": [[56, 6, 64, 15], [103, 82, 112, 92], [54, 87, 66, 99], [1, 41, 16, 53]], "hard_sample": [], "score": [0.6057676076889038, 0.5741859674453735, 0.4927763044834137, 0.46091216802597046], "label": [0, 0, 0, 0], "iou": [[0.32, 0.0], [0.0, -1.0], [0.0, -1.0], [0.0, -1.0]], "offset": [500, 800, 500, 800]}, "classes": [0], "image": [112, 112], "numerical": null}