{"source": "C0007158.jpg", "name": "C0007158_block_259", "annotation": {"type": "LTRBxyxy", "gt": [[102, 78, 114, 93, 0]], "pred": [[101, 78, 111, 88], [72, 54, 80, 62]], "hard_sample": [], "score": [0.9205859303474426, 0.472516268491745], "label": [0, 0], "iou": [[0.47368421052631576, 0.0], [0.0, -1.0]], "offset": [1400, 1400, 1400, 1400]}, "classes": [0], "image": [112, 112], "numerical": null}