{"source": "C0007158.jpg", "name": "C0007158_block_270", "annotation": {"type": "LTRBxyxy", "gt": [[66, 97, 81, 110, 0], [17, 5, 32, 20, 0]], "pred": [[65, 95, 79, 106], [20, 6, 29, 14], [79, 3, 89, 13], [76, 71, 85, 81], [30, 88, 37, 96], [106, 37, 111, 44]], "hard_sample": [], "score": [0.9616918563842773, 0.9502582550048828, 0.7089279294013977, 0.6004413962364197, 0.5554041266441345, 0.46369555592536926], "label": [0, 0, 0, 0, 0, 0], "iou": [[0.5043103448275862, 0.0], [0.32, 1.0], [0.0, -1.0], [0.0, -1.0], [0.0, -1.0], [0.0, -1.0]], "offset": [1000, 1500, 1000, 1500]}, "classes": [0, 0], "image": [112, 112], "numerical": null}