{"source": "C0007158.jpg", "name": "C0007158_block_260", "annotation": {"type": "LTRBxyxy", "gt": [[2, 78, 14, 93, 0]], "pred": [[1, 79, 10, 88], [83, 15, 96, 25], [66, 61, 75, 70]], "hard_sample": [], "score": [0.8849218487739563, 0.7379308342933655, 0.7328589558601379, 0.7281103730201721, 0.4468504786491394], "label": [0, 0, 0, 0, 0], "iou": [[0.38095238095238093, 0.0], [0.0, -1.0], [0.0, -1.0], [0.0, -1.0], [0.0, -1.0]], "offset": [1500, 1400, 1500, 1400]}, "classes": [0], "image": [112, 112], "numerical": null}