{"source": "C0003164.jpg", "name": "C0003164_block_119", "annotation": {"type": "LTRBxyxy", "gt": [[30, 73, 41, 84, 0]], "pred": [[32, 71, 40, 80]], "hard_sample": [], "score": [0.9180219173431396, 0.7726634740829468], "label": [0, 0], "iou": [[0.40875912408759124, 0.0], [0.0, -1.0]], "offset": [600, 700, 600, 700]}, "classes": [0], "image": [112, 112], "numerical": null}