{"source": "C0007158.jpg", "name": "C0007158_block_216", "annotation": {"type": "LTRBxyxy", "gt": [[51, 83, 68, 98, 0]], "pred": [[52, 81, 68, 97], [52, 0, 61, 10]], "hard_sample": [], "score": [0.9795085191726685, 0.5689131021499634, 0.47737830877304077], "label": [0, 0, 0], "iou": [[0.7804878048780488, 0.0], [0.0, -1.0], [0.0, -1.0]], "offset": [500, 1200, 500, 1200]}, "classes": [0], "image": [112, 112], "numerical": null}