{"source": "C0003164.jpg", "name": "C0003164_block_100", "annotation": {"type": "LTRBxyxy", "gt": [[95, 84, 109, 94, 0]], "pred": [[62, 19, 71, 29], [96, 83, 107, 91], [104, 2, 111, 12]], "hard_sample": [], "score": [0.7462975978851318, 0.6197044849395752, 0.4014360010623932], "label": [0, 0, 0], "iou": [[0.0, -1.0], [0.5099337748344371, 0.0], [0.0, -1.0]], "offset": [600, 600, 600, 600]}, "classes": [0], "image": [112, 112], "numerical": null}