{"source": "C0003164.jpg", "name": "C0003164_block_45", "annotation": {"type": "LTRBxyxy", "gt": [[33, 16, 54, 33, 0]], "pred": [[35, 15, 53, 29], [56, 94, 63, 100], [37, 102, 46, 110]], "hard_sample": [], "score": [0.97417813539505, 0.5802415013313293, 0.494338721036911], "label": [0, 0, 0], "iou": [[0.624, 0.0], [0.0, -1.0], [0.0, -1.0]], "offset": [700, 300, 700, 300]}, "classes": [0], "image": [112, 112], "numerical": null}