{"source": "C0001275.jpg", "name": "C0001275_block_214", "annotation": {"type": "LTRBxyxy", "gt": [[12, 9, 29, 24, 0]], "pred": [[13, 13, 22, 20], [43, 99, 55, 109], [84, 22, 93, 31], [94, 73, 104, 83]], "hard_sample": [], "score": [0.7195008993148804, 0.7014772891998291, 0.4785408675670624, 0.4569575786590576], "label": [0, 0, 0, 0], "iou": [[0.24705882352941178, 0.0], [0.0, -1.0], [0.0, -1.0], [0.0, -1.0]], "offset": [600, 1200, 600, 1200]}, "classes": [0], "image": [112, 112], "numerical": null}