{"source": "C0007155.jpg", "name": "C0007155_block_83", "annotation": {"type": "LTRBxyxy", "gt": [[7, 36, 20, 47, 0]], "pred": [[85, 90, 97, 104]], "hard_sample": [], "score": [0.7996613383293152, 0.4566907584667206, 0.43705958127975464], "label": [0, 0, 0], "iou": [[0.4144736842105263, 0.0], [0.0, -1.0], [0.0, -1.0]], "offset": [700, 500, 700, 500]}, "classes": [0], "image": [112, 112], "numerical": null}