{"source": "C0007155.jpg", "name": "C0007155_block_103", "annotation": {"type": "LTRBxyxy", "gt": [[53, 64, 66, 79, 0]], "pred": [[13, 54, 25, 65], [54, 61, 68, 76]], "hard_sample": [], "score": [0.9570204019546509, 0.914835512638092, 0.6431227922439575], "label": [0, 0, 0], "iou": [[0.0, -1.0], [0.5517241379310345, 0.0], [0.0, -1.0]], "offset": [800, 600, 800, 600]}, "classes": [0], "image": [112, 112], "numerical": null}