{"source": "C0003164.jpg", "name": "C0003164_block_164", "annotation": {"type": "LTRBxyxy", "gt": [[22, 0, 33, 10, 0]], "pred": [[22, 0, 32, 8]], "hard_sample": [], "score": [0.6971568465232849], "label": [0], "iou": [[0.7272727272727273, 0.0]], "offset": [1100, 900, 1100, 900]}, "classes": [0], "image": [112, 112], "numerical": null}