{"source": "C0007158.jpg", "name": "C0007158_block_205", "annotation": {"type": "LTRBxyxy", "gt": [[24, 31, 35, 40, 0], [17, 21, 29, 34, 0]], "pred": [[10, 105, 19, 111], [17, 19, 29, 31], [100, 89, 111, 100], [57, 23, 63, 28]], "hard_sample": [[[24, 31, 35, 40], [10.0, 105.0, 19.0, 111.0, 0.0]]], "score": [0.7223357558250427, 0.6559069752693176, 0.6336154341697693, 0.42355138063430786], "label": [0, 0, 0, 0], "iou": [[0.0, -1.0], [0.6666666666666666, 1.0], [0.0, -1.0], [0.0, -1.0]], "offset": [1200, 1100, 1200, 1100]}, "classes": [0, 0], "image": [112, 112], "numerical": null}