{"source": "C0007158.jpg", "name": "C0007158_block_243", "annotation": {"type": "LTRBxyxy", "gt": [[66, 23, 77, 34, 0]], "pred": [[67, 21, 77, 30], [6, 26, 16, 40]], "hard_sample": [], "score": [0.9595121741294861, 0.40442773699760437], "label": [0, 0], "iou": [[0.49645390070921985, 0.0], [0.0, -1.0]], "offset": [1400, 1300, 1400, 1300]}, "classes": [0], "image": [112, 112], "numerical": null}