{"source": "C0003164.jpg", "name": "C0003164_block_103", "annotation": {"type": "LTRBxyxy", "gt": [[10, 0, 21, 8, 0]], "pred": [[11, 0, 20, 6]], "hard_sample": [], "score": [0.7880684733390808], "label": [0], "iou": [[0.6136363636363636, 0.0]], "offset": [900, 600, 900, 600]}, "classes": [0], "image": [112, 112], "numerical": null}