{"source": "C0003164.jpg", "name": "C0003164_block_139", "annotation": {"type": "LTRBxyxy", "gt": [[104, 79, 116, 93, 0]], "pred": [[101, 75, 110, 87]], "hard_sample": [], "score": [0.8065149784088135, 0.4094410240650177], "label": [0, 0], "iou": [[0.49162011173184356, 0.0], [0.21052631578947367, 0.0]], "offset": [600, 800, 600, 800]}, "classes": [0], "image": [112, 112], "numerical": null}