{"source": "C0007158.jpg", "name": "C0007158_block_283", "annotation": {"type": "LTRBxyxy", "gt": [[66, 13, 81, 26, 0]], "pred": [[67, 12, 78, 23], [29, 3, 38, 12], [16, 0, 25, 9], [59, 25, 67, 33]], "hard_sample": [], "score": [0.9473521113395691, 0.9255021214485168, 0.5974180698394775, 0.41013219952583313], "label": [0, 0, 0, 0], "iou": [[0.5339805825242718, 0.0], [0.0, -1.0], [0.0, -1.0], [0.003875968992248062, 0.0]], "offset": [1000, 1584, 1000, 1584]}, "classes": [0], "image": [112, 112], "numerical": null}