{"source": "C0007158.jpg", "name": "C0007158_block_236", "annotation": {"type": "LTRBxyxy", "gt": [[22, 25, 43, 44, 0]], "pred": [[27, 26, 41, 40], [42, 48, 52, 58], [75, 5, 84, 14]], "hard_sample": [], "score": [0.5930013060569763, 0.5323692560195923, 0.42423662543296814, 0.4058671295642853], "label": [0, 0, 0, 0], "iou": [[0.49122807017543857, 0.0], [0.0, -1.0], [0.0, -1.0], [0.0, -1.0]], "offset": [700, 1300, 700, 1300]}, "classes": [0], "image": [112, 112], "numerical": null}