{"source": "C0006326.jpg", "name": "C0006326_block_169", "annotation": {"type": "LTRBxyxy", "gt": [[59, 5, 74, 20, 0], [59, 22, 74, 37, 0]], "pred": [[24, 15, 39, 27], [59, 10, 71, 22], [105, 79, 111, 85], [97, 62, 109, 76]], "hard_sample": [[[59, 22, 74, 37], [24.0, 15.0, 39.0, 27.0, 0.0]]], "score": [0.9538009762763977, 0.6971389055252075, 0.5363141298294067, 0.4221777617931366], "label": [0, 0, 0, 0], "iou": [[0.0, -1.0], [0.4819277108433735, 0.0], [0.0, -1.0], [0.0, -1.0]], "offset": [1600, 900, 1600, 900]}, "classes": [0, 0], "image": [112, 112], "numerical": null}