{"source": "C0007158.jpg", "name": "C0007158_block_217", "annotation": {"type": "LTRBxyxy", "gt": [[10, 4, 22, 14, 0]], "pred": [[75, 59, 83, 66], [27, 91, 37, 100], [72, 11, 79, 17]], "hard_sample": [[[10, 4, 22, 14], [75.0, 59.0, 83.0, 66.0, 0.0]]], "score": [0.6381492614746094, 0.5916457176208496, 0.5018365383148193], "label": [0, 0, 0], "iou": [[0.0, -1.0], [0.0, -1.0], [0.0, -1.0]], "offset": [600, 1200, 600, 1200]}, "classes": [0], "image": [112, 112], "numerical": null}