{"source": "C0001275.jpg", "name": "C0001275_block_117", "annotation": {"type": "LTRBxyxy", "gt": [[40, 51, 49, 62, 0], [68, 52, 80, 65, 0]], "pred": [[39, 53, 47, 62], [69, 54, 76, 62], [39, 49, 46, 56], [25, 30, 32, 37], [33, 92, 45, 105]], "hard_sample": [], "score": [0.8638070225715637, 0.8313590884208679, 0.744218111038208, 0.5169780254364014, 0.4857282340526581, 0.42569586634635925], "label": [0, 0, 0, 0, 0, 0], "iou": [[0.5833333333333334, 0.0], [0.358974358974359, 1.0], [0.2542372881355932, 0.0], [0.0, -1.0], [0.0, -1.0], [0.0, -1.0]], "offset": [600, 700, 600, 700]}, "classes": [0, 0], "image": [112, 112], "numerical": null}