{"source": "C0007240.jpg", "name": "C0007240_block_38", "annotation": {"type": "LTRBxyxy", "gt": [[45, 26, 57, 38, 0]], "pred": [[47, 25, 59, 35], [28, 102, 41, 112]], "hard_sample": [], "score": [0.9823473691940308, 0.6323261857032776], "label": [0, 0], "iou": [[0.5172413793103449, 0.0], [0.0, -1.0]], "offset": [1600, 200, 1600, 200]}, "classes": [0], "image": [112, 112], "numerical": null}