{"source": "C0003164.jpg", "name": "C0003164_block_142", "annotation": {"type": "LTRBxyxy", "gt": [[46, 74, 58, 86, 0]], "pred": [[47, 74, 55, 82], [5, 13, 14, 23]], "hard_sample": [], "score": [0.7406841516494751, 0.6136923432350159, 0.535291314125061], "label": [0, 0, 0], "iou": [[0.0, -1.0], [0.4444444444444444, 0.0], [0.0, -1.0]], "offset": [900, 800, 900, 800]}, "classes": [0], "image": [112, 112], "numerical": null}