{"source": "C0007245.jpg", "name": "C0007245_block_139", "annotation": {"type": "LTRBxyxy", "gt": [[88, 36, 102, 53, 0]], "pred": [[15, 62, 24, 74], [75, 103, 86, 111], [47, 12, 59, 26], [3, 14, 13, 25], [53, 50, 60, 57]], "hard_sample": [[[88, 36, 102, 53], [15.0, 62.0, 24.0, 74.0, 0.0]]], "score": [0.7410210967063904, 0.7203854918479919, 0.6301359534263611, 0.5223225951194763, 0.454324871301651], "label": [0, 0, 0, 0, 0], "iou": [[0.0, -1.0], [0.0, -1.0], [0.0, -1.0], [0.0, -1.0], [0.0, -1.0]], "offset": [800, 800, 800, 800]}, "classes": [0], "image": [112, 112], "numerical": null}