{"source": "C0003164.jpg", "name": "C0003164_block_217", "annotation": {"type": "LTRBxyxy", "gt": [[68, 34, 86, 54, 0]], "pred": [[69, 34, 86, 50], [102, 67, 111, 79]], "hard_sample": [], "score": [0.9954888224601746, 0.6453828811645508, 0.4641507565975189], "label": [0, 0, 0], "iou": [[0.7555555555555555, 0.0], [0.0, -1.0], [0.0, -1.0]], "offset": [700, 1200, 700, 1200]}, "classes": [0], "image": [112, 112], "numerical": null}