{"source": "C0007245.jpg", "name": "C0007245_block_118", "annotation": {"type": "LTRBxyxy", "gt": [[49, 27, 64, 39, 0]], "pred": [[47, 25, 61, 35], [20, 74, 31, 83]], "hard_sample": [], "score": [0.9748280644416809, 0.7999294996261597, 0.6279996633529663], "label": [0, 0, 0], "iou": [[0.42857142857142855, 0.0], [0.0, -1.0], [0.0, -1.0]], "offset": [700, 700, 700, 700]}, "classes": [0], "image": [112, 112], "numerical": null}