{"source": "C0007245.jpg", "name": "C0007245_block_93", "annotation": {"type": "LTRBxyxy", "gt": [[62, 0, 80, 19, 0]], "pred": [[59, 0, 78, 16], [10, 100, 23, 109], [63, 106, 71, 111], [9, 36, 23, 49]], "hard_sample": [], "score": [0.9929364323616028, 0.9112510085105896, 0.6214655637741089, 0.6018410921096802, 0.5974390506744385], "label": [0, 0, 0, 0, 0], "iou": [[0.6564102564102564, 0.0], [0.0, -1.0], [0.0, -1.0], [0.0, -1.0], [0.0, -1.0]], "offset": [2000, 500, 2000, 500]}, "classes": [0], "image": [112, 112], "numerical": null}