{"source": "C0007155.jpg", "name": "C0007155_block_33", "annotation": {"type": "LTRBxyxy", "gt": [[46, 45, 59, 56, 0]], "pred": [[46, 43, 61, 56], [105, 68, 112, 76]], "hard_sample": [], "score": [0.9397292733192444, 0.5384377837181091], "label": [0, 0], "iou": [[0.7333333333333333, 0.0], [0.0, -1.0]], "offset": [1100, 200, 1100, 200]}, "classes": [0], "image": [112, 112], "numerical": null}