{"source": "C0007245.jpg", "name": "C0007245_block_74", "annotation": {"type": "LTRBxyxy", "gt": [[62, 99, 80, 119, 0]], "pred": [[61, 97, 74, 110], [55, 80, 65, 91]], "hard_sample": [], "score": [0.8010514974594116, 0.7502499222755432], "label": [0, 0], "iou": [[0.33249370277078083, 0.0], [0.0, -1.0]], "offset": [2000, 400, 2000, 400]}, "classes": [0], "image": [112, 112], "numerical": null}