{"source": "C0001275.jpg", "name": "C0001275_block_118", "annotation": {"type": "LTRBxyxy", "gt": [[29, 17, 42, 28, 0]], "pred": [[32, 16, 43, 25], [68, 60, 81, 72]], "hard_sample": [], "score": [0.9495541453361511, 0.8511523604393005, 0.6153650879859924], "label": [0, 0, 0], "iou": [[0.49382716049382713, 0.0], [0.0, -1.0], [0.0, -1.0]], "offset": [700, 700, 700, 700]}, "classes": [0], "image": [112, 112], "numerical": null}