{"source": "C0007158.jpg", "name": "C0007158_block_125", "annotation": {"type": "LTRBxyxy", "gt": [[74, 47, 91, 63, 0]], "pred": [[74, 46, 89, 60], [23, 5, 32, 14], [40, 104, 50, 111]], "hard_sample": [], "score": [0.9970322847366333, 0.7144188284873962, 0.4214235246181488], "label": [0, 0, 0], "iou": [[0.6794425087108014, 0.0], [0.0, -1.0], [0.0, -1.0]], "offset": [1100, 700, 1100, 700]}, "classes": [0], "image": [112, 112], "numerical": null}