{"source": "C0003164.jpg", "name": "C0003164_block_84", "annotation": {"type": "LTRBxyxy", "gt": [[10, 97, 21, 108, 0], [4, 15, 19, 30, 0]], "pred": [[8, 14, 19, 23], [101, 76, 111, 87], [103, 21, 111, 32]], "hard_sample": [], "score": [0.899356484413147, 0.8281456828117371, 0.6684697270393372, 0.6645100116729736], "label": [0, 0, 0, 0], "iou": [[0.3728813559322034, 1.0], [0.43410852713178294, 0.0], [0.0, -1.0], [0.0, -1.0]], "offset": [900, 500, 900, 500]}, "classes": [0, 0], "image": [112, 112], "numerical": null}