{"source": "C0007158.jpg", "name": "C0007158_block_159", "annotation": {"type": "LTRBxyxy", "gt": [[40, 95, 49, 106, 0], [28, 63, 43, 78, 0], [20, 83, 40, 100, 0]], "pred": [[19, 83, 34, 97], [38, 93, 50, 104], [52, 32, 62, 42], [27, 12, 38, 26], [63, 101, 71, 108], [84, 35, 93, 43], [35, 65, 42, 73]], "hard_sample": [], "score": [0.744114339351654, 0.7159412503242493, 0.6596394181251526, 0.6079661846160889, 0.5913985967636108, 0.49247485399246216, 0.45888617634773254], "label": [0, 0, 0, 0, 0, 0, 0], "iou": [[0.5536723163841808, 2.0], [0.54, 0.0], [0.0, -1.0], [0.0, -1.0], [0.0, -1.0], [0.0, -1.0], [0.24888888888888888, 1.0]], "offset": [500, 900, 500, 900]}, "classes": [0, 0, 0], "image": [112, 112], "numerical": null}