{"source": "C0007155.jpg", "name": "C0007155_block_235", "annotation": {"type": "LTRBxyxy", "gt": [[23, 90, 40, 106, 0]], "pred": [[24, 89, 39, 102], [64, 27, 76, 38]], "hard_sample": [], "score": [0.9986055493354797, 0.7882978320121765, 0.7058506608009338], "label": [0, 0, 0], "iou": [[0.627177700348432, 0.0], [0.0, -1.0], [0.0, -1.0]], "offset": [600, 1300, 600, 1300]}, "classes": [0], "image": [112, 112], "numerical": null}