{"source": "C0003164.jpg", "name": "C0003164_block_140", "annotation": {"type": "LTRBxyxy", "gt": [[103, 42, 111, 54, 0], [4, 79, 16, 93, 0]], "pred": [[102, 40, 111, 50]], "hard_sample": [], "score": [0.980351984500885, 0.7366195321083069, 0.6911791563034058], "label": [0, 0, 0], "iou": [[0.4583333333333333, 1.0], [0.5245901639344263, 0.0], [0.0, -1.0]], "offset": [700, 800, 700, 800]}, "classes": [0, 0], "image": [112, 112], "numerical": null}