{"source": "C0007240.jpg", "name": "C0007240_block_245", "annotation": {"type": "LTRBxyxy", "gt": [[37, 5, 51, 23, 0]], "pred": [[35, 3, 46, 19], [17, 61, 33, 76], [48, 95, 60, 109]], "hard_sample": [], "score": [0.9934644103050232, 0.8694859147071838, 0.49443337321281433, 0.4519515335559845, 0.43499162793159485], "label": [0, 0, 0, 0, 0], "iou": [[0.41721854304635764, 0.0], [0.0, -1.0], [0.0, -1.0], [0.0, -1.0], [0.0, -1.0]], "offset": [1600, 1300, 1600, 1300]}, "classes": [0], "image": [112, 112], "numerical": null}