{"source": "C0007158.jpg", "name": "C0007158_block_178", "annotation": {"type": "LTRBxyxy", "gt": [[92, 20, 106, 38, 0]], "pred": [[53, 63, 63, 71], [34, 66, 45, 79]], "hard_sample": [], "score": [0.7745271921157837, 0.7052726149559021, 0.5554208159446716], "label": [0, 0, 0], "iou": [[0.0, -1.0], [0.5437262357414449, 0.0], [0.0, -1.0]], "offset": [400, 1000, 400, 1000]}, "classes": [0], "image": [112, 112], "numerical": null}