{"source": "C0003164.jpg", "name": "C0003164_block_202", "annotation": {"type": "LTRBxyxy", "gt": [[33, 53, 45, 64, 0], [30, 11, 43, 22, 0]], "pred": [[35, 54, 43, 62], [31, 10, 39, 17], [104, 59, 111, 67], [18, 65, 28, 78]], "hard_sample": [], "score": [0.8372846841812134, 0.5308655500411987, 0.5106135606765747, 0.42748594284057617], "label": [0, 0, 0, 0], "iou": [[0.48484848484848486, 0.0], [0.31788079470198677, 1.0], [0.0, -1.0], [0.0, -1.0]], "offset": [1000, 1100, 1000, 1100]}, "classes": [0, 0], "image": [112, 112], "numerical": null}