{"source": "C0003164.jpg", "name": "C0003164_block_83", "annotation": {"type": "LTRBxyxy", "gt": [[104, 15, 119, 30, 0]], "pred": [[104, 14, 112, 24]], "hard_sample": [], "score": [0.9249709844589233], "label": [0], "iou": [[0.3090128755364807, 0.0]], "offset": [800, 500, 800, 500]}, "classes": [0], "image": [112, 112], "numerical": null}