{"source": "C0007158.jpg", "name": "C0007158_block_184", "annotation": {"type": "LTRBxyxy", "gt": [[70, 46, 90, 60, 0]], "pred": [[75, 48, 88, 57], [30, 34, 41, 45]], "hard_sample": [], "score": [0.9517723917961121, 0.7281399965286255], "label": [0, 0], "iou": [[0.41785714285714287, 0.0], [0.0, -1.0]], "offset": [1000, 1000, 1000, 1000]}, "classes": [0], "image": [112, 112], "numerical": null}