{"source": "C0007245.jpg", "name": "C0007245_block_215", "annotation": {"type": "LTRBxyxy", "gt": [[101, 11, 113, 22, 0]], "pred": [[104, 10, 111, 18], [6, 21, 14, 27]], "hard_sample": [], "score": [0.8210762739181519, 0.6390425562858582], "label": [0, 0], "iou": [[0.35251798561151076, 0.0], [0.0, -1.0]], "offset": [700, 1200, 700, 1200]}, "classes": [0], "image": [112, 112], "numerical": null}