{"source": "C0007155.jpg", "name": "C0007155_block_158", "annotation": {"type": "LTRBxyxy", "gt": [[0, 22, 10, 37, 0]], "pred": [[0, 21, 11, 33], [3, 65, 13, 75]], "hard_sample": [], "score": [0.9860464930534363, 0.5849901437759399, 0.48244795203208923], "label": [0, 0, 0], "iou": [[0.6395348837209303, 0.0], [0.0, -1.0], [0.0, -1.0]], "offset": [400, 900, 400, 900]}, "classes": [0], "image": [112, 112], "numerical": null}