{"source": "C0007158.jpg", "name": "C0007158_block_165", "annotation": {"type": "LTRBxyxy", "gt": [[17, 5, 27, 19, 0]], "pred": [[16, 3, 26, 16], [85, 60, 99, 70], [39, 80, 49, 91], [51, 43, 66, 56]], "hard_sample": [], "score": [0.9596861600875854, 0.8806604743003845, 0.7439925074577332, 0.6104843616485596], "label": [0, 0, 0, 0], "iou": [[0.5789473684210527, 0.0], [0.0, -1.0], [0.0, -1.0], [0.0, -1.0]], "offset": [1100, 900, 1100, 900]}, "classes": [0], "image": [112, 112], "numerical": null}