{"source": "C0006326.jpg", "name": "C0006326_block_149", "annotation": {"type": "LTRBxyxy", "gt": [[90, 50, 109, 73, 0]], "pred": [[93, 55, 108, 68], [100, 38, 111, 48], [9, 42, 18, 51]], "hard_sample": [], "score": [0.9907874464988708, 0.7801042795181274, 0.46361976861953735], "label": [0, 0, 0], "iou": [[0.4462242562929062, 0.0], [0.0, -1.0], [0.0, -1.0]], "offset": [1600, 800, 1600, 800]}, "classes": [0], "image": [112, 112], "numerical": null}