{"source": "C0007155.jpg", "name": "C0007155_block_157", "annotation": {"type": "LTRBxyxy", "gt": [[94, 22, 110, 37, 0]], "pred": [[94, 21, 106, 32], [88, 89, 97, 99]], "hard_sample": [], "score": [0.9874251484870911, 0.42301809787750244], "label": [0, 0], "iou": [[0.47619047619047616, 0.0], [0.0, -1.0]], "offset": [300, 900, 300, 900]}, "classes": [0], "image": [112, 112], "numerical": null}