{"source": "C0003164.jpg", "name": "C0003164_block_236", "annotation": {"type": "LTRBxyxy", "gt": [[68, 1, 82, 12, 0]], "pred": [[72, 0, 82, 8]], "hard_sample": [], "score": [0.46543699502944946], "label": [0], "iou": [[0.4268292682926829, 0.0]], "offset": [800, 1300, 800, 1300]}, "classes": [0], "image": [112, 112], "numerical": null}