{"source": "C0007158.jpg", "name": "C0007158_block_9", "annotation": {"type": "LTRBxyxy", "gt": [[10, 103, 25, 112, 0]], "pred": [[12, 103, 19, 109], [49, 79, 56, 85]], "hard_sample": [], "score": [0.6047460436820984, 0.4787767827510834], "label": [0, 0], "iou": [[0.3111111111111111, 0.0], [0.0, -1.0]], "offset": [1600, 0, 1600, 0]}, "classes": [0], "image": [112, 112], "numerical": null}