{"source": "C0001275.jpg", "name": "C0001275_block_98", "annotation": {"type": "LTRBxyxy", "gt": [[46, 69, 61, 85, 0]], "pred": [[47, 68, 60, 81], [52, 6, 59, 13], [75, 32, 82, 38]], "hard_sample": [], "score": [0.9962031245231628, 0.6206435561180115, 0.47928285598754883], "label": [0, 0, 0], "iou": [[0.616600790513834, 0.0], [0.0, -1.0], [0.0, -1.0]], "offset": [600, 600, 600, 600]}, "classes": [0], "image": [112, 112], "numerical": null}