{"source": "C0001275.jpg", "name": "C0001275_block_224", "annotation": {"type": "LTRBxyxy", "gt": [[51, 62, 65, 75, 0]], "pred": [[49, 59, 63, 72], [14, 94, 26, 105], [104, 26, 111, 33]], "hard_sample": [], "score": [0.9474859833717346, 0.6909955143928528, 0.5720677375793457], "label": [0, 0, 0], "iou": [[0.4918032786885246, 0.0], [0.0, -1.0], [0.0, -1.0]], "offset": [1600, 1200, 1600, 1200]}, "classes": [0], "image": [112, 112], "numerical": null}