{"source": "C0003164.jpg", "name": "C0003164_block_144", "annotation": {"type": "LTRBxyxy", "gt": [[22, 99, 33, 110, 0]], "pred": [[18, 96, 32, 108], [48, 71, 60, 84]], "hard_sample": [], "score": [0.8823309540748596, 0.421161413192749], "label": [0, 0], "iou": [[0.45226130653266333, 0.0], [0.0, -1.0]], "offset": [1100, 800, 1100, 800]}, "classes": [0], "image": [112, 112], "numerical": null}