{"source": "C0007245.jpg", "name": "C0007245_block_216", "annotation": {"type": "LTRBxyxy", "gt": [[1, 11, 13, 22, 0], [38, 7, 63, 24, 0]], "pred": [[4, 10, 13, 18], [42, 5, 58, 18], [43, 89, 57, 103]], "hard_sample": [], "score": [0.9242191910743713, 0.8719629645347595, 0.5397233366966248], "label": [0, 0, 0], "iou": [[0.44680851063829785, 0.0], [0.3851203501094092, 1.0], [0.0, -1.0]], "offset": [800, 1200, 800, 1200]}, "classes": [0, 0], "image": [112, 112], "numerical": null}