{"source": "C0003164.jpg", "name": "C0003164_block_234", "annotation": {"type": "LTRBxyxy", "gt": [[50, 96, 61, 107, 0]], "pred": [[48, 91, 59, 102], [87, 29, 100, 42], [23, 0, 34, 8], [0, 0, 7, 12]], "hard_sample": [], "score": [0.9562953114509583, 0.7992866635322571, 0.6427645087242126, 0.4182862937450409], "label": [0, 0, 0, 0], "iou": [[0.2872340425531915, 0.0], [0.0, -1.0], [0.0, -1.0], [0.0, -1.0]], "offset": [600, 1300, 600, 1300]}, "classes": [0], "image": [112, 112], "numerical": null}