{"source": "C0018301.jpg", "name": "C0018301_block_254", "annotation": {"type": "LTRBxyxy", "gt": [[94, 0, 110, 7, 0]], "pred": [[4, 55, 14, 63], [96, 0, 104, 5], [72, 53, 79, 61], [93, 106, 100, 111]], "hard_sample": [], "score": [0.7805741429328918, 0.6113791465759277, 0.5274183750152588, 0.4498519003391266], "label": [0, 0, 0, 0], "iou": [[0.0, -1.0], [0.35714285714285715, 0.0], [0.0, -1.0], [0.0, -1.0]], "offset": [900, 1400, 900, 1400]}, "classes": [0], "image": [112, 112], "numerical": null}