{"source": "C0014729.jpg", "name": "C0014729_block_274", "annotation": {"type": "LTRBxyxy", "gt": [[49, 88, 60, 99, 0]], "pred": [[50, 85, 61, 97], [2, 29, 16, 40], [67, 20, 78, 35], [27, 28, 37, 39]], "hard_sample": [], "score": [0.9896667003631592, 0.7187545299530029, 0.5699411630630493, 0.4018758237361908], "label": [0, 0, 0, 0], "iou": [[0.5521472392638037, 0.0], [0.0, -1.0], [0.0, -1.0], [0.0, -1.0]], "offset": [1400, 1500, 1400, 1500]}, "classes": [0], "image": [112, 112], "numerical": null}