{"source": "C0014728.jpg", "name": "C0014728_block_131", "annotation": {"type": "LTRBxyxy", "gt": [[58, 17, 76, 35, 0]], "pred": [[60, 14, 76, 33], [46, 98, 59, 109], [97, 97, 110, 109], [19, 102, 29, 111]], "hard_sample": [], "score": [0.972339391708374, 0.7197543382644653, 0.6255549192428589, 0.5331178903579712], "label": [0, 0, 0, 0], "iou": [[0.6881720430107527, 0.0], [0.0, -1.0], [0.0, -1.0], [0.0, -1.0]], "offset": [1700, 700, 1700, 700]}, "classes": [0], "image": [112, 112], "numerical": null}