{"source": "C0014793.jpg", "name": "C0014793_block_122", "annotation": {"type": "LTRBxyxy", "gt": [[40, 87, 51, 99, 0]], "pred": [[42, 85, 51, 96], [8, 46, 18, 57], [55, 45, 63, 51], [4, 63, 12, 69], [100, 58, 107, 65], [102, 13, 110, 20]], "hard_sample": [], "score": [0.9381781220436096, 0.8434666395187378, 0.6661325097084045, 0.6423130631446838, 0.511296272277832, 0.4272198975086212], "label": [0, 0, 0, 0, 0, 0], "iou": [[0.54, 0.0], [0.0, -1.0], [0.0, -1.0], [0.0, -1.0], [0.0, -1.0], [0.0, -1.0]], "offset": [800, 700, 800, 700]}, "classes": [0], "image": [112, 112], "numerical": null}