{"source": "C0014728.jpg", "name": "C0014728_block_56", "annotation": {"type": "LTRBxyxy", "gt": [[7, 64, 20, 74, 0], [93, 2, 104, 14, 0]], "pred": [[95, 0, 104, 10], [9, 62, 19, 70], [88, 14, 100, 24], [96, 55, 106, 64]], "hard_sample": [], "score": [0.9608458280563354, 0.8632829189300537, 0.5528687834739685, 0.4111911952495575], "label": [0, 0, 0, 0], "iou": [[0.48, 1.0], [0.4, 0.0], [0.0, -1.0], [0.0, -1.0]], "offset": [1700, 300, 1700, 300]}, "classes": [0, 0], "image": [112, 112], "numerical": null}