{"source": "C0014727.jpg", "name": "C0014727_block_94", "annotation": {"type": "LTRBxyxy", "gt": [[92, 45, 107, 60, 0]], "pred": [[98, 44, 111, 53]], "hard_sample": [], "score": [0.9045093655586243, 0.4062487781047821], "label": [0, 0], "iou": [[0.26666666666666666, 0.0], [0.0, -1.0]], "offset": [1900, 500, 1900, 500]}, "classes": [0], "image": [112, 112], "numerical": null}