{"source": "C0014727.jpg", "name": "C0014727_block_237", "annotation": {"type": "LTRBxyxy", "gt": [[98, 90, 109, 99, 0]], "pred": [[95, 87, 105, 96], [9, 18, 22, 29]], "hard_sample": [], "score": [0.9888687133789062, 0.7353605628013611], "label": [0, 0], "iou": [[0.2857142857142857, 0.0], [0.0, -1.0]], "offset": [900, 1300, 900, 1300]}, "classes": [0], "image": [112, 112], "numerical": null}