{"source": "C0014727.jpg", "name": "C0014727_block_89", "annotation": {"type": "LTRBxyxy", "gt": [[14, 64, 28, 77, 0]], "pred": [[18, 63, 28, 75], [18, 15, 28, 23], [63, 56, 76, 70], [80, 3, 88, 10]], "hard_sample": [], "score": [0.9726340770721436, 0.6859119534492493, 0.5963107347488403, 0.4357399642467499], "label": [0, 0, 0, 0], "iou": [[0.5729166666666666, 0.0], [0.0, -1.0], [0.0, -1.0], [0.0, -1.0]], "offset": [1400, 500, 1400, 500]}, "classes": [0], "image": [112, 112], "numerical": null}