{"source": "C0018301.jpg", "name": "C0018301_block_63", "annotation": {"type": "LTRBxyxy", "gt": [[44, 40, 61, 54, 0]], "pred": [[44, 38, 60, 51], [99, 106, 107, 111]], "hard_sample": [], "score": [0.9827508330345154, 0.4589933156967163, 0.44987744092941284], "label": [0, 0, 0], "iou": [[0.6518518518518519, 0.0], [0.0, -1.0], [0.0, -1.0]], "offset": [600, 400, 600, 400]}, "classes": [0], "image": [112, 112], "numerical": null}