{"source": "C0018301.jpg", "name": "C0018301_block_22", "annotation": {"type": "LTRBxyxy", "gt": [[95, 35, 106, 46, 0]], "pred": [[90, 31, 104, 46], [100, 53, 110, 64]], "hard_sample": [], "score": [0.9804015755653381, 0.5415721535682678], "label": [0, 0], "iou": [[0.4267241379310345, 0.0], [0.0, -1.0]], "offset": [1500, 100, 1500, 100]}, "classes": [0], "image": [112, 112], "numerical": null}