{"source": "C0014729.jpg", "name": "C0014729_block_246", "annotation": {"type": "LTRBxyxy", "gt": [[68, 88, 84, 109, 0]], "pred": [[68, 86, 83, 106], [21, 3, 34, 17], [0, 87, 9, 103]], "hard_sample": [], "score": [0.9983075857162476, 0.7100648283958435, 0.4431237280368805], "label": [0, 0, 0], "iou": [[0.7377049180327869, 0.0], [0.0, -1.0], [0.0, -1.0]], "offset": [1700, 1300, 1700, 1300]}, "classes": [0], "image": [112, 112], "numerical": null}