{"source": "C0014728.jpg", "name": "C0014728_block_87", "annotation": {"type": "LTRBxyxy", "gt": [[82, 90, 94, 101, 0]], "pred": [[84, 89, 94, 97], [100, 55, 112, 68]], "hard_sample": [], "score": [0.9612564444541931, 0.6214816570281982], "label": [0, 0], "iou": [[0.49295774647887325, 0.0], [0.0, -1.0]], "offset": [1100, 500, 1100, 500]}, "classes": [0], "image": [112, 112], "numerical": null}