{"source": "C0014729.jpg", "name": "C0014729_block_238", "annotation": {"type": "LTRBxyxy", "gt": [[12, 93, 23, 104, 0], [53, 47, 67, 61, 0]], "pred": [[52, 45, 63, 58], [13, 90, 21, 97], [28, 0, 36, 9], [76, 59, 89, 72]], "hard_sample": [], "score": [0.9381051063537598, 0.8251879215240479, 0.7150428891181946, 0.687796950340271], "label": [0, 0, 0, 0], "iou": [[0.48034934497816595, 1.0], [0.2206896551724138, 0.0], [0.0, -1.0], [0.0, -1.0]], "offset": [900, 1300, 900, 1300]}, "classes": [0, 0], "image": [112, 112], "numerical": null}