{"source": "C0014727.jpg", "name": "C0014727_block_74", "annotation": {"type": "LTRBxyxy", "gt": [[89, 90, 104, 105, 0]], "pred": [[92, 91, 101, 100], [51, 31, 60, 41], [19, 78, 30, 90]], "hard_sample": [], "score": [0.9560365676879883, 0.8056294918060303, 0.4202563762664795], "label": [0, 0, 0], "iou": [[0.36, 0.0], [0.0, -1.0], [0.0, -1.0]], "offset": [1800, 400, 1800, 400]}, "classes": [0], "image": [112, 112], "numerical": null}