{"source": "C0019840.jpg", "name": "C0019840_block_53", "annotation": {"type": "LTRBxyxy", "gt": [[32, 19, 53, 43, 0]], "pred": [[32, 18, 52, 38], [101, 19, 112, 32], [2, 55, 13, 65]], "hard_sample": [], "score": [0.9780674576759338, 0.7214946150779724, 0.5902256369590759, 0.5224356651306152], "label": [0, 0, 0, 0], "iou": [[0.7251908396946565, 0.0], [0.0, -1.0], [0.0, -1.0], [0.0, -1.0]], "offset": [1400, 300, 1400, 300]}, "classes": [0], "image": [112, 112], "numerical": null}