{"source": "C0014728.jpg", "name": "C0014728_block_256", "annotation": {"type": "LTRBxyxy", "gt": [[16, 0, 33, 21, 0]], "pred": [[17, 0, 31, 19], [62, 0, 74, 9], [102, 101, 111, 111], [38, 39, 49, 49], [92, 65, 103, 78]], "hard_sample": [], "score": [0.9889083504676819, 0.9098904132843018, 0.7863629460334778, 0.5755872130393982, 0.5536504983901978, 0.531614363193512, 0.47293931245803833, 0.44441667199134827], "label": [0, 0, 0, 0, 0, 0, 0, 0], "iou": [[0.7450980392156863, 0.0], [0.0, -1.0], [0.0, -1.0], [0.0, -1.0], [0.0, -1.0], [0.0, -1.0], [0.0, -1.0], [0.0, -1.0]], "offset": [1100, 1400, 1100, 1400]}, "classes": [0], "image": [112, 112], "numerical": null}