{"source": "C0018301.jpg", "name": "C0018301_block_242", "annotation": {"type": "LTRBxyxy", "gt": [[103, 5, 113, 16, 0]], "pred": [[103, 3, 111, 13]], "hard_sample": [], "score": [0.8797744512557983, 0.4660089313983917], "label": [0, 0], "iou": [[0.5079365079365079, 0.0], [0.0, -1.0]], "offset": [1300, 1300, 1300, 1300]}, "classes": [0], "image": [112, 112], "numerical": null}