{"source": "C0014729.jpg", "name": "C0014729_block_34", "annotation": {"type": "LTRBxyxy", "gt": [[98, 66, 111, 81, 0]], "pred": [[96, 64, 110, 78], [0, 80, 12, 91], [64, 15, 75, 27]], "hard_sample": [], "score": [0.995863676071167, 0.76816725730896, 0.5116709470748901], "label": [0, 0, 0], "iou": [[0.582995951417004, 0.0], [0.0, -1.0], [0.0, -1.0]], "offset": [1200, 200, 1200, 200]}, "classes": [0], "image": [112, 112], "numerical": null}