{"source": "C0018301.jpg", "name": "C0018301_block_243", "annotation": {"type": "LTRBxyxy", "gt": [[3, 5, 13, 16, 0]], "pred": [[5, 2, 16, 14], [94, 30, 103, 37], [0, 77, 11, 86]], "hard_sample": [], "score": [0.9494638442993164, 0.8681856989860535, 0.6683693528175354], "label": [0, 0, 0], "iou": [[0.4235294117647059, 0.0], [0.0, -1.0], [0.0, -1.0]], "offset": [1400, 1300, 1400, 1300]}, "classes": [0], "image": [112, 112], "numerical": null}