{"source": "C0014728.jpg", "name": "C0014728_block_70", "annotation": {"type": "LTRBxyxy", "gt": [[28, 52, 38, 64, 0]], "pred": [[28, 53, 37, 63], [28, 49, 36, 58]], "hard_sample": [], "score": [0.941074788570404, 0.6604315042495728, 0.6478465795516968], "label": [0, 0, 0], "iou": [[0.75, 0.0], [0.0, -1.0], [0.3333333333333333, 0.0]], "offset": [1300, 400, 1300, 400]}, "classes": [0], "image": [112, 112], "numerical": null}