{"source": "C0019840.jpg", "name": "C0019840_block_151", "annotation": {"type": "LTRBxyxy", "gt": [[41, 87, 53, 99, 0], [16, 65, 31, 80, 0]], "pred": [[22, 65, 30, 74], [101, 41, 111, 52], [41, 84, 51, 95]], "hard_sample": [], "score": [0.8048475980758667, 0.7295671701431274, 0.7055451273918152, 0.7044656872749329], "label": [0, 0, 0, 0], "iou": [[0.32, 1.0], [0.0, -1.0], [0.45977011494252873, 0.0], [0.0, -1.0]], "offset": [1700, 800, 1700, 800]}, "classes": [0, 0], "image": [112, 112], "numerical": null}