{"source": "C0014793.jpg", "name": "C0014793_block_144", "annotation": {"type": "LTRBxyxy", "gt": [[36, 11, 45, 21, 0]], "pred": [[101, 28, 111, 42], [45, 74, 53, 81], [23, 69, 35, 82], [37, 17, 43, 23], [38, 9, 43, 15]], "hard_sample": [], "score": [0.6333727836608887, 0.6016589999198914, 0.5906625390052795, 0.5577342510223389, 0.5405826568603516, 0.48102763295173645], "label": [0, 0, 0, 0, 0, 0], "iou": [[0.0, -1.0], [0.0, -1.0], [0.0, -1.0], [0.0, -1.0], [0.23529411764705882, 0.0], [0.2, 0.0]], "offset": [1000, 800, 1000, 800]}, "classes": [0], "image": [112, 112], "numerical": null}