{"source": "C0018301.jpg", "name": "C0018301_block_256", "annotation": {"type": "LTRBxyxy", "gt": [[30, 89, 46, 102, 0]], "pred": [[31, 88, 45, 100], [96, 60, 111, 72]], "hard_sample": [], "score": [0.9800546169281006, 0.9324651956558228, 0.5001541972160339], "label": [0, 0, 0], "iou": [[0.6936936936936937, 0.0], [0.0, -1.0], [0.0, -1.0]], "offset": [1100, 1400, 1100, 1400]}, "classes": [0], "image": [112, 112], "numerical": null}