{"source": "C0014728.jpg", "name": "C0014728_block_211", "annotation": {"type": "LTRBxyxy", "gt": [[23, 0, 36, 8, 0]], "pred": [[22, 0, 33, 9], [48, 9, 55, 17]], "hard_sample": [], "score": [0.5715605020523071, 0.4301005005836487], "label": [0, 0], "iou": [[0.6504065040650406, 0.0], [0.0, -1.0]], "offset": [1800, 1100, 1800, 1100]}, "classes": [0], "image": [112, 112], "numerical": null}