{"source": "C0014728.jpg", "name": "C0014728_block_29", "annotation": {"type": "LTRBxyxy", "gt": [[1, 46, 16, 61, 0]], "pred": [[3, 47, 14, 57], [53, 80, 62, 90]], "hard_sample": [], "score": [0.9468411207199097, 0.5051704049110413], "label": [0, 0], "iou": [[0.4888888888888889, 0.0], [0.0, -1.0]], "offset": [700, 200, 700, 200]}, "classes": [0], "image": [112, 112], "numerical": null}