{"source": "C0014793.jpg", "name": "C0014793_block_124", "annotation": {"type": "LTRBxyxy", "gt": [[8, 43, 23, 55, 0]], "pred": [[2, 68, 17, 80], [9, 42, 21, 53], [57, 9, 68, 20], [0, 55, 7, 64], [99, 103, 109, 111]], "hard_sample": [], "score": [0.9907959699630737, 0.9654770493507385, 0.8681329488754272, 0.4737390875816345, 0.4151153266429901], "label": [0, 0, 0, 0, 0], "iou": [[0.0, -1.0], [0.625, 0.0], [0.0, -1.0], [0.0, -1.0], [0.0, -1.0]], "offset": [1000, 700, 1000, 700]}, "classes": [0], "image": [112, 112], "numerical": null}