{"source": "C0014727.jpg", "name": "C0014727_block_111", "annotation": {"type": "LTRBxyxy", "gt": [[92, 11, 105, 24, 0]], "pred": [[96, 11, 105, 20], [29, 0, 40, 9], [31, 85, 39, 94]], "hard_sample": [], "score": [0.9469497203826904, 0.6047412753105164, 0.43191468715667725], "label": [0, 0, 0], "iou": [[0.47928994082840237, 0.0], [0.0, -1.0], [0.0, -1.0]], "offset": [1700, 600, 1700, 600]}, "classes": [0], "image": [112, 112], "numerical": null}