{"source": "C0014728.jpg", "name": "C0014728_block_45", "annotation": {"type": "LTRBxyxy", "gt": [[15, 0, 28, 12, 0]], "pred": [[16, 0, 30, 11], [0, 95, 10, 111]], "hard_sample": [], "score": [0.9667578339576721, 0.48892316222190857], "label": [0, 0], "iou": [[0.7415730337078652, 0.0], [0.0, -1.0]], "offset": [600, 300, 600, 300]}, "classes": [0], "image": [112, 112], "numerical": null}