{"source": "C0014728.jpg", "name": "C0014728_block_281", "annotation": {"type": "LTRBxyxy", "gt": [[17, 24, 30, 34, 0]], "pred": [[17, 21, 29, 32], [0, 21, 9, 34]], "hard_sample": [], "score": [0.9754225015640259, 0.8248040080070496], "label": [0, 0], "iou": [[0.5783132530120482, 0.0], [0.0, -1.0]], "offset": [800, 1584, 800, 1584]}, "classes": [0], "image": [112, 112], "numerical": null}