{"source": "C0019840.jpg", "name": "C0019840_block_223", "annotation": {"type": "LTRBxyxy", "gt": [[67, 71, 82, 83, 0]], "pred": [[10, 94, 24, 110], [70, 70, 82, 81], [82, 14, 93, 24]], "hard_sample": [], "score": [0.9193851351737976, 0.7169650793075562, 0.47007933259010315, 0.4557449221611023], "label": [0, 0, 0, 0], "iou": [[0.0, -1.0], [0.625, 0.0], [0.0, -1.0], [0.0, -1.0]], "offset": [1200, 1200, 1200, 1200]}, "classes": [0], "image": [112, 112], "numerical": null}