{"source": "C0014727.jpg", "name": "C0014727_block_134", "annotation": {"type": "LTRBxyxy", "gt": [[41, 63, 52, 78, 0]], "pred": [[43, 62, 51, 73], [92, 97, 104, 108]], "hard_sample": [], "score": [0.9887797832489014, 0.4136776626110077], "label": [0, 0], "iou": [[0.4624277456647399, 0.0], [0.0, -1.0]], "offset": [2100, 700, 2100, 700]}, "classes": [0], "image": [112, 112], "numerical": null}