{"source": "C0014727.jpg", "name": "C0014727_block_126", "annotation": {"type": "LTRBxyxy", "gt": [[59, 30, 74, 45, 0]], "pred": [[61, 31, 71, 39], [15, 59, 23, 68], [24, 51, 31, 58], [76, 92, 84, 101], [101, 71, 110, 79]], "hard_sample": [], "score": [0.9388510584831238, 0.5032512545585632, 0.4504700005054474, 0.4309940040111542, 0.4200921654701233], "label": [0, 0, 0, 0, 0], "iou": [[0.35555555555555557, 0.0], [0.0, -1.0], [0.0, -1.0], [0.0, -1.0], [0.0, -1.0]], "offset": [1300, 700, 1300, 700]}, "classes": [0], "image": [112, 112], "numerical": null}