{"source": "C0018301.jpg", "name": "C0018301_block_165", "annotation": {"type": "LTRBxyxy", "gt": [[104, 72, 116, 83, 0]], "pred": [[104, 71, 111, 79], [32, 0, 39, 5]], "hard_sample": [], "score": [0.7123569250106812, 0.4285832643508911], "label": [0, 0], "iou": [[0.35251798561151076, 0.0], [0.0, -1.0]], "offset": [1100, 900, 1100, 900]}, "classes": [0], "image": [112, 112], "numerical": null}