{"source": "C0014728.jpg", "name": "C0014728_block_107", "annotation": {"type": "LTRBxyxy", "gt": [[30, 70, 41, 78, 0], [34, 76, 44, 87, 0]], "pred": [[31, 69, 38, 75], [36, 76, 43, 83]], "hard_sample": [], "score": [0.676260769367218, 0.42498451471328735], "label": [0, 0], "iou": [[0.3684210526315789, 0.0], [0.44545454545454544, 1.0]], "offset": [1200, 600, 1200, 600]}, "classes": [0, 0], "image": [112, 112], "numerical": null}