{"source": "C0014727.jpg", "name": "C0014727_block_238", "annotation": {"type": "LTRBxyxy", "gt": [[0, 90, 9, 99, 0], [61, 81, 76, 96, 0]], "pred": [[0, 88, 9, 96], [66, 82, 74, 90], [64, 0, 72, 9]], "hard_sample": [], "score": [0.9074376821517944, 0.8048238158226013, 0.5429853796958923], "label": [0, 0, 0], "iou": [[0.5454545454545454, 0.0], [0.28444444444444444, 1.0], [0.0, -1.0]], "offset": [1000, 1300, 1000, 1300]}, "classes": [0, 0], "image": [112, 112], "numerical": null}