{"source": "C0014793.jpg", "name": "C0014793_block_239", "annotation": {"type": "LTRBxyxy", "gt": [[60, 15, 72, 26, 0]], "pred": [[62, 27, 70, 34], [0, 98, 8, 111], [14, 5, 26, 18], [78, 55, 89, 66], [60, 14, 68, 22]], "hard_sample": [], "score": [0.7039620280265808, 0.6694193482398987, 0.5794852375984192, 0.5209770798683167, 0.4776014983654022, 0.42296281456947327], "label": [0, 0, 0, 0, 0, 0], "iou": [[0.0, -1.0], [0.0, -1.0], [0.0, -1.0], [0.0, -1.0], [0.4, 0.0], [0.0, -1.0]], "offset": [1000, 1300, 1000, 1300]}, "classes": [0], "image": [112, 112], "numerical": null}