{"source": "C0018301.jpg", "name": "C0018301_block_181", "annotation": {"type": "LTRBxyxy", "gt": [[10, 36, 25, 50, 0]], "pred": [[10, 35, 24, 46], [3, 25, 13, 33], [59, 66, 69, 75], [21, 58, 32, 68], [32, 78, 39, 84]], "hard_sample": [], "score": [0.9744268655776978, 0.8104259371757507, 0.7527767419815063, 0.7365998029708862, 0.4219544529914856], "label": [0, 0, 0, 0, 0], "iou": [[0.625, 0.0], [0.0, -1.0], [0.0, -1.0], [0.0, -1.0], [0.0, -1.0]], "offset": [700, 1000, 700, 1000]}, "classes": [0], "image": [112, 112], "numerical": null}