{"source": "C0018301.jpg", "name": "C0018301_block_217", "annotation": {"type": "LTRBxyxy", "gt": [[50, 13, 65, 28, 0]], "pred": [[41, 38, 51, 49], [55, 14, 65, 22]], "hard_sample": [], "score": [0.9384344220161438, 0.7693437933921814, 0.5508853197097778], "label": [0, 0, 0], "iou": [[0.0, -1.0], [0.35555555555555557, 0.0], [0.0, -1.0]], "offset": [600, 1200, 600, 1200]}, "classes": [0], "image": [112, 112], "numerical": null}