{"source": "C0014729.jpg", "name": "C0014729_block_174", "annotation": {"type": "LTRBxyxy", "gt": [[31, 54, 47, 71, 0]], "pred": [[30, 54, 46, 69]], "hard_sample": [], "score": [0.9991937279701233, 0.6746314167976379, 0.42523568868637085], "label": [0, 0, 0], "iou": [[0.7839721254355401, 0.0], [0.0, -1.0], [0.0, -1.0]], "offset": [2000, 900, 2000, 900]}, "classes": [0], "image": [112, 112], "numerical": null}