{"source": "C0018301.jpg", "name": "C0018301_block_201", "annotation": {"type": "LTRBxyxy", "gt": [[80, 39, 92, 48, 0]], "pred": [[25, 54, 37, 64], [82, 38, 92, 46], [94, 103, 105, 112]], "hard_sample": [], "score": [0.9823395609855652, 0.9732795357704163, 0.8627129197120667], "label": [0, 0, 0], "iou": [[0.0, -1.0], [0.5932203389830508, 0.0], [0.0, -1.0]], "offset": [800, 1100, 800, 1100]}, "classes": [0], "image": [112, 112], "numerical": null}