{"source": "C0014727.jpg", "name": "C0014727_block_90", "annotation": {"type": "LTRBxyxy", "gt": [[94, 23, 105, 33, 0]], "pred": [[94, 22, 103, 30], [68, 106, 75, 111]], "hard_sample": [], "score": [0.9157214164733887, 0.8411828279495239, 0.4603292644023895], "label": [0, 0, 0], "iou": [[0.5294117647058824, 0.0], [0.0, -1.0], [0.0, -1.0]], "offset": [1500, 500, 1500, 500]}, "classes": [0], "image": [112, 112], "numerical": null}