{"source": "C0014728.jpg", "name": "C0014728_block_252", "annotation": {"type": "LTRBxyxy", "gt": [[30, 35, 41, 45, 0], [26, 55, 37, 66, 0]], "pred": [[26, 54, 36, 63], [98, 91, 107, 99], [30, 33, 38, 42], [83, 30, 95, 43], [12, 67, 21, 75]], "hard_sample": [], "score": [0.9713042378425598, 0.814584493637085, 0.7290935516357422, 0.5687359571456909, 0.4285281300544739], "label": [0, 0, 0, 0, 0], "iou": [[0.6106870229007634, 1.0], [0.0, -1.0], [0.4444444444444444, 0.0], [0.0, -1.0], [0.0, -1.0]], "offset": [700, 1400, 700, 1400]}, "classes": [0, 0], "image": [112, 112], "numerical": null}