{"source": "C0014728.jpg", "name": "C0014728_block_33", "annotation": {"type": "LTRBxyxy", "gt": [[0, 99, 12, 114, 0]], "pred": [[51, 0, 62, 9], [0, 101, 6, 109]], "hard_sample": [], "score": [0.6443098783493042, 0.5955533981323242], "label": [0, 0], "iou": [[0.0, -1.0], [0.26666666666666666, 0.0]], "offset": [1100, 200, 1100, 200]}, "classes": [0], "image": [112, 112], "numerical": null}