{"source": "C0014728.jpg", "name": "C0014728_block_255", "annotation": {"type": "LTRBxyxy", "gt": [[45, 3, 56, 12, 0]], "pred": [[47, 2, 54, 8], [103, 68, 111, 75]], "hard_sample": [], "score": [0.8588518500328064, 0.593458890914917, 0.4256853461265564], "label": [0, 0, 0], "iou": [[0.330188679245283, 0.0], [0.0, -1.0], [0.0, -1.0]], "offset": [1000, 1400, 1000, 1400]}, "classes": [0], "image": [112, 112], "numerical": null}