{"source": "C0019840.jpg", "name": "C0019840_block_134", "annotation": {"type": "LTRBxyxy", "gt": [[0, 6, 10, 19, 0]], "pred": [[0, 3, 11, 16]], "hard_sample": [], "score": [0.9943055510520935], "label": [0], "iou": [[0.5780346820809249, 0.0]], "offset": [2000, 700, 2000, 700]}, "classes": [0], "image": [112, 112], "numerical": null}