{"source": "C0014728.jpg", "name": "C0014728_block_242", "annotation": {"type": "LTRBxyxy", "gt": [[68, 8, 78, 17, 0], [74, 3, 86, 12, 0]], "pred": [[75, 1, 85, 9], [26, 102, 34, 110]], "hard_sample": [[[68, 8, 78, 17], [75.0, 1.0, 85.0, 9.0, 0.017964071856287425]]], "score": [0.7393797039985657, 0.42783322930336, 0.40623313188552856], "label": [0, 0, 0], "iou": [[0.46875, 1.0], [0.0, -1.0], [0.0, -1.0]], "offset": [1300, 1300, 1300, 1300]}, "classes": [0, 0], "image": [112, 112], "numerical": null}