{"source": "C0014729.jpg", "name": "C0014729_block_235", "annotation": {"type": "LTRBxyxy", "gt": [[102, 37, 117, 49, 0]], "pred": [[102, 35, 112, 45], [74, 35, 85, 44], [79, 55, 87, 64]], "hard_sample": [], "score": [0.9393495917320251, 0.6498745679855347, 0.6341509222984314], "label": [0, 0, 0], "iou": [[0.4, 0.0], [0.0, -1.0], [0.0, -1.0]], "offset": [600, 1300, 600, 1300]}, "classes": [0], "image": [112, 112], "numerical": null}