{"source": "C0014727.jpg", "name": "C0014727_block_129", "annotation": {"type": "LTRBxyxy", "gt": [[72, 80, 82, 92, 0], [4, 14, 17, 27, 0]], "pred": [[6, 13, 17, 21], [73, 79, 82, 88]], "hard_sample": [], "score": [0.9738047122955322, 0.9604843258857727], "label": [0, 0], "iou": [[0.42777777777777776, 1.0], [0.5581395348837209, 0.0]], "offset": [1600, 700, 1600, 700]}, "classes": [0, 0], "image": [112, 112], "numerical": null}