{"source": "C0014728.jpg", "name": "C0014728_block_49", "annotation": {"type": "LTRBxyxy", "gt": [[97, 0, 112, 14, 0]], "pred": [[97, 0, 109, 14], [60, 75, 69, 83]], "hard_sample": [], "score": [0.895876944065094, 0.41734790802001953], "label": [0, 0], "iou": [[0.8, 0.0], [0.0, -1.0]], "offset": [1000, 300, 1000, 300]}, "classes": [0], "image": [112, 112], "numerical": null}