{"source": "C0014728.jpg", "name": "C0014728_block_224", "annotation": {"type": "LTRBxyxy", "gt": [[74, 103, 86, 112, 0]], "pred": [[45, 74, 57, 87], [44, 9, 51, 15], [63, 104, 72, 111], [76, 101, 85, 108]], "hard_sample": [], "score": [0.7412450909614563, 0.5736755728721619, 0.5101467370986938, 0.4849919080734253], "label": [0, 0, 0, 0], "iou": [[0.0, -1.0], [0.0, -1.0], [0.0, -1.0], [0.35714285714285715, 0.0]], "offset": [1300, 1200, 1300, 1200]}, "classes": [0], "image": [112, 112], "numerical": null}