{"source": "C0014793.jpg", "name": "C0014793_block_104", "annotation": {"type": "LTRBxyxy", "gt": [[27, 40, 40, 51, 0]], "pred": [[29, 39, 37, 46], [85, 87, 96, 100], [45, 86, 57, 95], [103, 18, 111, 27]], "hard_sample": [], "score": [0.8402466773986816, 0.812649130821228, 0.6176714897155762, 0.41928306221961975], "label": [0, 0, 0, 0], "iou": [[0.31788079470198677, 0.0], [0.0, -1.0], [0.0, -1.0], [0.0, -1.0]], "offset": [900, 600, 900, 600]}, "classes": [0], "image": [112, 112], "numerical": null}