{"source": "C0014728.jpg", "name": "C0014728_block_186", "annotation": {"type": "LTRBxyxy", "gt": [[68, 31, 79, 39, 0]], "pred": [[68, 29, 76, 35], [29, 98, 37, 105], [19, 31, 29, 42]], "hard_sample": [], "score": [0.8754228353500366, 0.7289488911628723, 0.543132483959198, 0.452632337808609], "label": [0, 0, 0, 0], "iou": [[0.3076923076923077, 0.0], [0.0, -1.0], [0.0, -1.0], [0.0, -1.0]], "offset": [1200, 1000, 1200, 1000]}, "classes": [0], "image": [112, 112], "numerical": null}