{"source": "C0018301.jpg", "name": "C0018301_block_238", "annotation": {"type": "LTRBxyxy", "gt": [[94, 95, 110, 107, 0]], "pred": [[94, 94, 109, 103], [100, 3, 111, 16]], "hard_sample": [], "score": [0.9991751313209534, 0.5167632102966309, 0.41457509994506836], "label": [0, 0, 0], "iou": [[0.5797101449275363, 0.0], [0.0, -1.0], [0.0, -1.0]], "offset": [900, 1300, 900, 1300]}, "classes": [0], "image": [112, 112], "numerical": null}