{"source": "C0014728.jpg", "name": "C0014728_block_257", "annotation": {"type": "LTRBxyxy", "gt": [[61, 81, 71, 91, 0]], "pred": [[61, 80, 70, 87], [35, 10, 46, 22]], "hard_sample": [], "score": [0.9531118273735046, 0.64956134557724, 0.4253067672252655], "label": [0, 0, 0], "iou": [[0.4954128440366973, 0.0], [0.0, -1.0], [0.0, -1.0]], "offset": [1200, 1400, 1200, 1400]}, "classes": [0], "image": [112, 112], "numerical": null}