{"source": "C0014727.jpg", "name": "C0014727_block_189", "annotation": {"type": "LTRBxyxy", "gt": [[48, 92, 59, 103, 0]], "pred": [[50, 90, 59, 99]], "hard_sample": [], "score": [0.9461642503738403, 0.7592828273773193], "label": [0, 0], "iou": [[0.45323741007194246, 0.0], [0.0, -1.0]], "offset": [1600, 1000, 1600, 1000]}, "classes": [0], "image": [112, 112], "numerical": null}