{"source": "C0014729.jpg", "name": "C0014729_block_236", "annotation": {"type": "LTRBxyxy", "gt": [[2, 37, 17, 49, 0]], "pred": [[1, 35, 15, 46], [25, 106, 32, 111]], "hard_sample": [], "score": [0.9942415952682495, 0.4479806423187256], "label": [0, 0], "iou": [[0.5391705069124424, 0.0], [0.0, -1.0]], "offset": [700, 1300, 700, 1300]}, "classes": [0], "image": [112, 112], "numerical": null}