{"source": "C0014728.jpg", "name": "C0014728_block_179", "annotation": {"type": "LTRBxyxy", "gt": [[84, 13, 99, 28, 0]], "pred": [[31, 10, 40, 19], [87, 15, 97, 23], [0, 99, 8, 110]], "hard_sample": [], "score": [0.5561712384223938, 0.43166881799697876, 0.43064942955970764], "label": [0, 0, 0], "iou": [[0.0, -1.0], [0.35555555555555557, 0.0], [0.0, -1.0]], "offset": [500, 1000, 500, 1000]}, "classes": [0], "image": [112, 112], "numerical": null}