{"source": "C0014728.jpg", "name": "C0014728_block_167", "annotation": {"type": "LTRBxyxy", "gt": [[63, 56, 79, 72, 0]], "pred": [[59, 54, 78, 70], [16, 2, 25, 9]], "hard_sample": [], "score": [0.9990783929824829, 0.5274245142936707], "label": [0, 0], "iou": [[0.6, 0.0], [0.0, -1.0]], "offset": [1300, 900, 1300, 900]}, "classes": [0], "image": [112, 112], "numerical": null}