{"source": "C0014793.jpg", "name": "C0014793_block_222", "annotation": {"type": "LTRBxyxy", "gt": [[93, 18, 114, 42, 0]], "pred": [[91, 55, 106, 67], [49, 60, 60, 71], [41, 13, 50, 22], [86, 2, 95, 11]], "hard_sample": [[[93, 18, 114, 42], [91.0, 55.0, 106.0, 67.0, 0.0]]], "score": [0.7344235777854919, 0.5828056335449219, 0.5168753266334534, 0.46534115076065063], "label": [0, 0, 0, 0], "iou": [[0.0, -1.0], [0.0, -1.0], [0.0, -1.0], [0.0, -1.0]], "offset": [1100, 1200, 1100, 1200]}, "classes": [0], "image": [112, 112], "numerical": null}