{"source": "C0014727.jpg", "name": "C0014727_block_128", "annotation": {"type": "LTRBxyxy", "gt": [[53, 38, 65, 48, 0], [104, 14, 117, 27, 0]], "pred": [[102, 12, 111, 24], [54, 36, 64, 47], [69, 78, 75, 83]], "hard_sample": [], "score": [0.8464630246162415, 0.7090877890586853, 0.5846298336982727], "label": [0, 0, 0], "iou": [[0.33816425120772947, 1.0], [0.6428571428571429, 0.0], [0.0, -1.0]], "offset": [1500, 700, 1500, 700]}, "classes": [0, 0], "image": [112, 112], "numerical": null}