{"source": "C0018301.jpg", "name": "C0018301_block_236", "annotation": {"type": "LTRBxyxy", "gt": [[38, 14, 50, 28, 0]], "pred": [[41, 13, 51, 24], [63, 33, 70, 42], [86, 99, 96, 107], [46, 79, 56, 88]], "hard_sample": [], "score": [0.97126704454422, 0.6952762603759766, 0.587347686290741, 0.5158851146697998, 0.5079810619354248], "label": [0, 0, 0, 0, 0], "iou": [[0.4787234042553192, 0.0], [0.0, -1.0], [0.0, -1.0], [0.0, -1.0], [0.0, -1.0]], "offset": [700, 1300, 700, 1300]}, "classes": [0], "image": [112, 112], "numerical": null}