{"source": "C0014727.jpg", "name": "C0014727_block_113", "annotation": {"type": "LTRBxyxy", "gt": [[31, 50, 46, 65, 0]], "pred": [[30, 53, 42, 65]], "hard_sample": [], "score": [0.9200323820114136, 0.46603161096572876], "label": [0, 0], "iou": [[0.5569620253164557, 0.0], [0.0, -1.0]], "offset": [1900, 600, 1900, 600]}, "classes": [0], "image": [112, 112], "numerical": null}