{"source": "C0014728.jpg", "name": "C0014728_block_271", "annotation": {"type": "LTRBxyxy", "gt": [[41, 32, 64, 57, 0]], "pred": [[50, 46, 59, 53], [40, 32, 54, 42], [78, 97, 89, 109]], "hard_sample": [], "score": [0.9694355130195618, 0.6724022030830383, 0.6703529953956604], "label": [0, 0, 0], "iou": [[0.10956521739130434, 0.0], [0.2222222222222222, 0.0], [0.0, -1.0]], "offset": [1100, 1500, 1100, 1500]}, "classes": [0], "image": [112, 112], "numerical": null}