{"source": "C0014793.jpg", "name": "C0014793_block_236", "annotation": {"type": "LTRBxyxy", "gt": [[78, 82, 104, 104, 0]], "pred": [[78, 80, 102, 101], [14, 31, 26, 42]], "hard_sample": [], "score": [0.8952844142913818, 0.40687957406044006], "label": [0, 0], "iou": [[0.7354838709677419, 0.0], [0.0, -1.0]], "offset": [700, 1300, 700, 1300]}, "classes": [0], "image": [112, 112], "numerical": null}