{"source": "C0019840.jpg", "name": "C0019840_block_207", "annotation": {"type": "LTRBxyxy", "gt": [[40, 13, 51, 24, 0]], "pred": [[42, 11, 52, 21]], "hard_sample": [], "score": [0.9928615689277649, 0.46963661909103394], "label": [0, 0], "iou": [[0.48322147651006714, 0.0], [0.0, -1.0]], "offset": [1400, 1100, 1400, 1100]}, "classes": [0], "image": [112, 112], "numerical": null}