{"source": "C0014729.jpg", "name": "C0014729_block_184", "annotation": {"type": "LTRBxyxy", "gt": [[39, 19, 57, 43, 0]], "pred": [[34, 26, 48, 36], [55, 72, 67, 87], [73, 15, 82, 23]], "hard_sample": [[[39, 19, 57, 43], [34.0, 26.0, 48.0, 36.0, 0.18672199170124482]]], "score": [0.9336817860603333, 0.8573450446128845, 0.7275345325469971, 0.43136027455329895], "label": [0, 0, 0, 0], "iou": [[0.18672199170124482, 0.0], [0.0, -1.0], [0.0, -1.0], [0.0, -1.0]], "offset": [1000, 1000, 1000, 1000]}, "classes": [0], "image": [112, 112], "numerical": null}