{"source": "C0014729.jpg", "name": "C0014729_block_239", "annotation": {"type": "LTRBxyxy", "gt": [[58, 88, 73, 102, 0]], "pred": [[58, 86, 72, 99], [25, 82, 37, 95], [52, 1, 60, 10]], "hard_sample": [], "score": [0.9957883954048157, 0.6482299566268921, 0.5967470407485962], "label": [0, 0, 0], "iou": [[0.6470588235294118, 0.0], [0.0, -1.0], [0.0, -1.0]], "offset": [1000, 1300, 1000, 1300]}, "classes": [0], "image": [112, 112], "numerical": null}