{"source": "C0018301.jpg", "name": "C0018301_block_255", "annotation": {"type": "LTRBxyxy", "gt": [[0, 0, 10, 7, 0]], "pred": [[0, 0, 6, 6], [17, 65, 30, 77]], "hard_sample": [], "score": [0.49330708384513855, 0.41764572262763977], "label": [0, 0], "iou": [[0.5142857142857142, 0.0], [0.0, -1.0]], "offset": [1000, 1400, 1000, 1400]}, "classes": [0], "image": [112, 112], "numerical": null}