{"source": "C0018301.jpg", "name": "C0018301_block_180", "annotation": {"type": "LTRBxyxy", "gt": [[88, 20, 112, 42, 0]], "pred": [[98, 25, 108, 33], [102, 90, 112, 102], [10, 24, 19, 31]], "hard_sample": [[[88, 20, 112, 42], [98.0, 25.0, 108.0, 33.0, 0.15151515151515152]]], "score": [0.9751680493354797, 0.8973791599273682, 0.709619402885437], "label": [0, 0, 0], "iou": [[0.15151515151515152, 0.0], [0.0, -1.0], [0.0, -1.0]], "offset": [600, 1000, 600, 1000]}, "classes": [0], "image": [112, 112], "numerical": null}