{"source": "C0014793.jpg", "name": "C0014793_block_121", "annotation": {"type": "LTRBxyxy", "gt": [[66, 48, 81, 62, 0], [24, 70, 43, 85, 0]], "pred": [[24, 69, 39, 81], [51, 101, 58, 107], [68, 52, 77, 64], [68, 47, 77, 57], [72, 0, 81, 8], [98, 27, 110, 41]], "hard_sample": [], "score": [0.907701313495636, 0.7156447768211365, 0.6250012516975403, 0.5669675469398499, 0.4624263346195221, 0.4397197663784027], "label": [0, 0, 0, 0, 0, 0], "iou": [[0.55, 1.0], [0.0, -1.0], [0.39473684210526316, 0.0], [0.3698630136986301, 0.0], [0.0, -1.0], [0.0, -1.0]], "offset": [700, 700, 700, 700]}, "classes": [0, 0], "image": [112, 112], "numerical": null}