{"source": "C0014727.jpg", "name": "C0014727_block_207", "annotation": {"type": "LTRBxyxy", "gt": [[56, 77, 70, 89, 0]], "pred": [[57, 75, 68, 86], [4, 54, 11, 63], [0, 27, 5, 34]], "hard_sample": [], "score": [0.9908937215805054, 0.7260739207267761, 0.5635262727737427], "label": [0, 0, 0], "iou": [[0.5210526315789473, 0.0], [0.0, -1.0], [0.0, -1.0]], "offset": [1500, 1100, 1500, 1100]}, "classes": [0], "image": [112, 112], "numerical": null}