{"source": "C0014728.jpg", "name": "C0014728_block_39", "annotation": {"type": "LTRBxyxy", "gt": [[93, 102, 104, 114, 0]], "pred": [[95, 101, 103, 108], [33, 0, 41, 8]], "hard_sample": [], "score": [0.7232179641723633, 0.6091838479042053], "label": [0, 0], "iou": [[0.34285714285714286, 0.0], [0.0, -1.0]], "offset": [1700, 200, 1700, 200]}, "classes": [0], "image": [112, 112], "numerical": null}