{"source": "C0014793.jpg", "name": "C0014793_block_140", "annotation": {"type": "LTRBxyxy", "gt": [[69, 29, 84, 42, 0]], "pred": [[70, 27, 82, 38], [27, 106, 34, 111], [24, 27, 32, 34], [42, 26, 53, 37]], "hard_sample": [], "score": [0.8860170841217041, 0.5318743586540222, 0.49552616477012634, 0.4608938992023468], "label": [0, 0, 0, 0], "iou": [[0.4931506849315068, 0.0], [0.0, -1.0], [0.0, -1.0], [0.0, -1.0]], "offset": [600, 800, 600, 800]}, "classes": [0], "image": [112, 112], "numerical": null}