{"source": "C0014728.jpg", "name": "C0014728_block_28", "annotation": {"type": "LTRBxyxy", "gt": [[15, 96, 28, 112, 0], [101, 46, 116, 61, 0]], "pred": [[15, 95, 27, 109], [48, 64, 61, 76], [51, 14, 63, 27], [104, 49, 112, 57], [43, 45, 52, 55]], "hard_sample": [], "score": [0.9832506775856018, 0.8084476590156555, 0.705636203289032, 0.6947439312934875, 0.6126599311828613, 0.5498015284538269], "label": [0, 0, 0, 0, 0, 0], "iou": [[0.7090909090909091, 0.0], [0.0, -1.0], [0.0, -1.0], [0.0, -1.0], [0.28444444444444444, 1.0], [0.0, -1.0]], "offset": [600, 200, 600, 200]}, "classes": [0, 0], "image": [112, 112], "numerical": null}