{"source": "C0014729.jpg", "name": "C0014729_block_257", "annotation": {"type": "LTRBxyxy", "gt": [[30, 19, 42, 31, 0]], "pred": [[27, 18, 39, 27], [55, 81, 67, 93]], "hard_sample": [], "score": [0.9915769100189209, 0.6177381873130798, 0.448436439037323], "label": [0, 0, 0], "iou": [[0.4, 0.0], [0.0, -1.0], [0.0, -1.0]], "offset": [1200, 1400, 1200, 1400]}, "classes": [0], "image": [112, 112], "numerical": null}