{"source": "C0014728.jpg", "name": "C0014728_block_192", "annotation": {"type": "LTRBxyxy", "gt": [[23, 95, 36, 108, 0]], "pred": [[25, 95, 35, 105]], "hard_sample": [], "score": [0.9800083637237549], "label": [0], "iou": [[0.591715976331361, 0.0]], "offset": [1800, 1000, 1800, 1000]}, "classes": [0], "image": [112, 112], "numerical": null}