{"source": "C0014729.jpg", "name": "C0014729_block_35", "annotation": {"type": "LTRBxyxy", "gt": [[0, 66, 11, 81, 0]], "pred": [[0, 64, 11, 78], [92, 19, 105, 32], [74, 80, 85, 89], [52, 19, 63, 28]], "hard_sample": [], "score": [0.984290599822998, 0.7797520756721497, 0.547462522983551, 0.4032305181026459], "label": [0, 0, 0, 0], "iou": [[0.7058823529411765, 0.0], [0.0, -1.0], [0.0, -1.0], [0.0, -1.0]], "offset": [1300, 200, 1300, 200]}, "classes": [0], "image": [112, 112], "numerical": null}