{"source": "C0014793.jpg", "name": "C0014793_block_223", "annotation": {"type": "LTRBxyxy", "gt": [[0, 18, 14, 42, 0]], "pred": [[0, 16, 14, 36], [0, 55, 9, 68], [64, 87, 71, 95]], "hard_sample": [], "score": [0.947829008102417, 0.5945279002189636, 0.4998016059398651], "label": [0, 0, 0], "iou": [[0.6923076923076923, 0.0], [0.0, -1.0], [0.0, -1.0]], "offset": [1200, 1200, 1200, 1200]}, "classes": [0], "image": [112, 112], "numerical": null}