{"source": "C0014728.jpg", "name": "C0014728_block_88", "annotation": {"type": "LTRBxyxy", "gt": [[13, 16, 24, 26, 0]], "pred": [[12, 15, 21, 22], [93, 60, 101, 67]], "hard_sample": [], "score": [0.9697812795639038, 0.746146559715271], "label": [0, 0], "iou": [[0.384, 0.0], [0.0, -1.0]], "offset": [1200, 500, 1200, 500]}, "classes": [0], "image": [112, 112], "numerical": null}