{"source": "C0014728.jpg", "name": "C0014728_block_239", "annotation": {"type": "LTRBxyxy", "gt": [[45, 103, 56, 112, 0]], "pred": [[88, 23, 101, 35]], "hard_sample": [], "score": [0.9084799885749817, 0.575315535068512], "label": [0, 0], "iou": [[0.30973451327433627, 0.0], [0.0, -1.0]], "offset": [1000, 1300, 1000, 1300]}, "classes": [0], "image": [112, 112], "numerical": null}