{"source": "C0019840.jpg", "name": "C0019840_block_133", "annotation": {"type": "LTRBxyxy", "gt": [[98, 6, 110, 19, 0]], "pred": [[96, 5, 108, 15]], "hard_sample": [], "score": [0.9735593795776367], "label": [0], "iou": [[0.4838709677419355, 0.0]], "offset": [1900, 700, 1900, 700]}, "classes": [0], "image": [112, 112], "numerical": null}