{"source": "C0024544.jpg", "name": "C0024544_block_71", "annotation": {"type": "LTRBxyxy", "gt": [[0, 13, 11, 24, 0]], "pred": [[54, 38, 64, 50], [26, 105, 36, 111], [40, 44, 46, 49], [56, 106, 64, 112]], "hard_sample": [], "score": [0.8399190902709961, 0.6371961236000061, 0.5900517106056213, 0.4614364802837372, 0.4095378816127777], "label": [0, 0, 0, 0, 0], "iou": [[0.358974358974359, 0.0], [0.0, -1.0], [0.0, -1.0], [0.0, -1.0], [0.0, -1.0]], "offset": [1500, 400, 1500, 400]}, "classes": [0], "image": [112, 112], "numerical": null}