{"source": "C0025303.jpg", "name": "C0025303_block_129", "annotation": {"type": "LTRBxyxy", "gt": [[14, 90, 27, 100, 0]], "pred": [[13, 88, 25, 97]], "hard_sample": [], "score": [0.9638329148292542, 0.5536109805107117], "label": [0, 0], "iou": [[0.4782608695652174, 0.0], [0.0, -1.0]], "offset": [1500, 700, 1500, 700]}, "classes": [0], "image": [112, 112], "numerical": null}