{"source": "C0024251.jpg", "name": "C0024251_block_153", "annotation": {"type": "LTRBxyxy", "gt": [[50, 35, 63, 46, 0]], "pred": [[52, 34, 61, 42], [29, 69, 42, 81], [56, 91, 67, 100], [92, 105, 100, 111], [42, 59, 52, 68]], "hard_sample": [], "score": [0.860268235206604, 0.7759465575218201, 0.44857436418533325, 0.42974013090133667, 0.40471789240837097], "label": [0, 0, 0, 0, 0], "iou": [[0.4144736842105263, 0.0], [0.0, -1.0], [0.0, -1.0], [0.0, -1.0], [0.0, -1.0]], "offset": [1900, 800, 1900, 800]}, "classes": [0], "image": [112, 112], "numerical": null}