{"source": "C0025303.jpg", "name": "C0025303_block_150", "annotation": {"type": "LTRBxyxy", "gt": [[78, 9, 90, 19, 0]], "pred": [[78, 7, 87, 15], [82, 95, 92, 106], [29, 1, 35, 8], [24, 59, 30, 66]], "hard_sample": [], "score": [0.8345335721969604, 0.5740282535552979, 0.4816991686820984, 0.4028472602367401], "label": [0, 0, 0, 0], "iou": [[0.391304347826087, 0.0], [0.0, -1.0], [0.0, -1.0], [0.0, -1.0]], "offset": [1600, 800, 1600, 800]}, "classes": [0], "image": [112, 112], "numerical": null}