{"source": "C0024544.jpg", "name": "C0024544_block_70", "annotation": {"type": "LTRBxyxy", "gt": [[100, 13, 111, 24, 0]], "pred": [[99, 9, 110, 20], [37, 66, 49, 78]], "hard_sample": [], "score": [0.9749046564102173, 0.5848270058631897, 0.4848347008228302, 0.4002384841442108], "label": [0, 0, 0, 0], "iou": [[0.4069767441860465, 0.0], [0.0, -1.0], [0.0, -1.0], [0.0, -1.0]], "offset": [1400, 400, 1400, 400]}, "classes": [0], "image": [112, 112], "numerical": null}