{"source": "C0024544.jpg", "name": "C0024544_block_35", "annotation": {"type": "LTRBxyxy", "gt": [[83, 80, 94, 91, 0]], "pred": [[81, 81, 89, 88], [92, 34, 98, 41], [48, 75, 57, 82]], "hard_sample": [], "score": [0.8597280383110046, 0.7569891810417175, 0.7538586258888245], "label": [0, 0, 0], "iou": [[0.3111111111111111, 0.0], [0.0, -1.0], [0.0, -1.0]], "offset": [1400, 200, 1400, 200]}, "classes": [0], "image": [112, 112], "numerical": null}