{"source": "C0025303.jpg", "name": "C0025303_block_170", "annotation": {"type": "LTRBxyxy", "gt": [[102, 100, 115, 108, 0], [9, 92, 21, 104, 0], [44, 101, 59, 114, 0], [63, 68, 78, 83, 0], [34, 68, 55, 82, 0], [32, 78, 50, 96, 0]], "pred": [[5, 73, 20, 86], [11, 91, 20, 100], [38, 68, 47, 75], [59, 46, 71, 59]], "hard_sample": [[[102, 100, 115, 108], [5.0, 73.0, 20.0, 86.0, 0.0]], [[44, 101, 59, 114], [5.0, 73.0, 20.0, 86.0, 0.0]], [[63, 68, 78, 83], [5.0, 73.0, 20.0, 86.0, 0.0]], [[32, 78, 50, 96], [5.0, 73.0, 20.0, 86.0, 0.0]]], "score": [0.8963314294815063, 0.6729577779769897, 0.6044145822525024, 0.4971265494823456], "label": [0, 0, 0, 0], "iou": [[0.0, -1.0], [0.47058823529411764, 1.0], [0.21428571428571427, 4.0], [0.0, -1.0]], "offset": [1600, 900, 1600, 900]}, "classes": [0, 0, 0, 0, 0, 0], "image": [112, 112], "numerical": null}