{"source": "C0025303.jpg", "name": "C0025303_block_190", "annotation": {"type": "LTRBxyxy", "gt": [[102, 0, 115, 8, 0], [44, 1, 59, 14, 0], [77, 10, 92, 25, 0]], "pred": [[78, 9, 89, 21], [101, 0, 112, 9], [46, 0, 57, 10], [104, 77, 112, 87], [16, 93, 25, 103]], "hard_sample": [], "score": [0.9497430920600891, 0.88480144739151, 0.6996151804924011, 0.5859070420265198, 0.40641409158706665], "label": [0, 0, 0, 0, 0], "iou": [[0.5127118644067796, 2.0], [0.6504065040650406, 0.0], [0.48058252427184467, 1.0], [0.0, -1.0], [0.0, -1.0]], "offset": [1600, 1000, 1600, 1000]}, "classes": [0, 0, 0], "image": [112, 112], "numerical": null}