{"source": "C0025303.jpg", "name": "C0025303_block_171", "annotation": {"type": "LTRBxyxy", "gt": [[2, 100, 15, 108, 0]], "pred": [[2, 98, 13, 106], [67, 24, 83, 40], [63, 46, 73, 54], [74, 77, 85, 89]], "hard_sample": [], "score": [0.9712513089179993, 0.8925215005874634, 0.4928492605686188, 0.4484335482120514, 0.43926525115966797, 0.4165858328342438], "label": [0, 0, 0, 0, 0, 0], "iou": [[0.5238095238095238, 0.0], [0.0, -1.0], [0.0, -1.0], [0.0, -1.0], [0.0, -1.0], [0.0, -1.0]], "offset": [1700, 900, 1700, 900]}, "classes": [0], "image": [112, 112], "numerical": null}