{"source": "C0024251.jpg", "name": "C0024251_block_224", "annotation": {"type": "LTRBxyxy", "gt": [[76, 51, 89, 64, 0]], "pred": [[76, 50, 86, 61], [96, 89, 112, 101], [1, 13, 13, 25]], "hard_sample": [], "score": [0.9967503547668457, 0.8853002786636353, 0.6996763944625854], "label": [0, 0, 0], "iou": [[0.5586592178770949, 0.0], [0.0, -1.0], [0.0, -1.0]], "offset": [1300, 1200, 1300, 1200]}, "classes": [0], "image": [112, 112], "numerical": null}