{"source": "C0024251.jpg", "name": "C0024251_block_74", "annotation": {"type": "LTRBxyxy", "gt": [[42, 74, 55, 89, 0]], "pred": [[45, 74, 54, 86]], "hard_sample": [], "score": [0.8827366232872009, 0.5017483234405518], "label": [0, 0], "iou": [[0.5538461538461539, 0.0], [0.0, -1.0]], "offset": [1700, 400, 1700, 400]}, "classes": [0], "image": [112, 112], "numerical": null}