{"source": "C0024544.jpg", "name": "C0024544_block_220", "annotation": {"type": "LTRBxyxy", "gt": [[41, 62, 52, 73, 0]], "pred": [[39, 59, 51, 70], [7, 87, 17, 98]], "hard_sample": [], "score": [0.9654076099395752, 0.5830726027488708], "label": [0, 0], "iou": [[0.4624277456647399, 0.0], [0.0, -1.0]], "offset": [1000, 1200, 1000, 1200]}, "classes": [0], "image": [112, 112], "numerical": null}