{"source": "C0024251.jpg", "name": "C0024251_block_37", "annotation": {"type": "LTRBxyxy", "gt": [[91, 86, 107, 96, 0]], "pred": [[92, 84, 104, 92]], "hard_sample": [], "score": [0.8572111129760742, 0.6260777711868286], "label": [0, 0], "iou": [[0.391304347826087, 0.0], [0.0, -1.0]], "offset": [1500, 200, 1500, 200]}, "classes": [0], "image": [112, 112], "numerical": null}