{"source": "C0025303.jpg", "name": "C0025303_block_230", "annotation": {"type": "LTRBxyxy", "gt": [[56, 70, 71, 83, 0]], "pred": [[57, 68, 68, 78], [15, 98, 30, 111], [38, 40, 48, 51]], "hard_sample": [], "score": [0.9792464375495911, 0.6817513704299927, 0.5697857737541199], "label": [0, 0, 0], "iou": [[0.4055299539170507, 0.0], [0.0, -1.0], [0.0, -1.0]], "offset": [1900, 1200, 1900, 1200]}, "classes": [0], "image": [112, 112], "numerical": null}