{"source": "C0025303.jpg", "name": "C0025303_block_191", "annotation": {"type": "LTRBxyxy", "gt": [[2, 0, 15, 8, 0]], "pred": [[3, 0, 15, 9], [86, 23, 97, 35], [47, 79, 56, 87]], "hard_sample": [], "score": [0.9666791558265686, 0.760349452495575, 0.5671900510787964, 0.4227774441242218], "label": [0, 0, 0, 0], "iou": [[0.8275862068965517, 0.0], [0.0, -1.0], [0.0, -1.0], [0.0, -1.0]], "offset": [1700, 1000, 1700, 1000]}, "classes": [0], "image": [112, 112], "numerical": null}