{"source": "C0030735.jpg", "name": "C0030735_block_76", "annotation": {"type": "LTRBxyxy", "gt": [[42, 22, 55, 35, 0]], "pred": [[41, 21, 52, 31], [24, 0, 36, 8], [88, 62, 100, 74], [0, 92, 7, 102]], "hard_sample": [], "score": [0.7979303002357483, 0.6767783164978027, 0.529362142086029, 0.5204432606697083, 0.4287765324115753, 0.4098627269268036], "label": [0, 0, 0, 0, 0, 0], "iou": [[0.47619047619047616, 0.0], [0.0, -1.0], [0.0, -1.0], [0.0, -1.0], [0.0, -1.0], [0.0, -1.0]], "offset": [1100, 500, 1100, 500]}, "classes": [0], "image": [112, 112], "numerical": null}