{"source": "C0030735.jpg", "name": "C0030735_block_137", "annotation": {"type": "LTRBxyxy", "gt": [[56, 103, 68, 113, 0], [67, 44, 78, 55, 0]], "pred": [[55, 102, 65, 110], [68, 43, 76, 49], [38, 82, 51, 96], [0, 11, 8, 21]], "hard_sample": [], "score": [0.8649319410324097, 0.8446386456489563, 0.7755740284919739, 0.5256989002227783], "label": [0, 0, 0, 0], "iou": [[0.45985401459854014, 0.0], [0.31007751937984496, 1.0], [0.0, -1.0], [0.0, -1.0]], "offset": [900, 900, 900, 900]}, "classes": [0, 0], "image": [112, 112], "numerical": null}