{"source": "C0030735.jpg", "name": "C0030735_block_111", "annotation": {"type": "LTRBxyxy", "gt": [[90, 53, 101, 64, 0]], "pred": [[88, 51, 99, 64], [4, 102, 16, 112]], "hard_sample": [], "score": [0.9852623343467712, 0.545663058757782], "label": [0, 0], "iou": [[0.6, 0.0], [0.0, -1.0]], "offset": [1400, 700, 1400, 700]}, "classes": [0], "image": [112, 112], "numerical": null}