{"source": "C0030737.jpg", "name": "C0030737_block_163", "annotation": {"type": "LTRBxyxy", "gt": [[16, 89, 29, 100, 0]], "pred": [[19, 89, 29, 96], [55, 64, 68, 76], [83, 20, 98, 33], [79, 106, 86, 111], [37, 71, 45, 79]], "hard_sample": [], "score": [0.9325835704803467, 0.8318343758583069, 0.6552804708480835, 0.5704190135002136, 0.5239113569259644, 0.4333808124065399], "label": [0, 0, 0, 0, 0, 0], "iou": [[0.48951048951048953, 0.0], [0.0, -1.0], [0.0, -1.0], [0.0, -1.0], [0.0, -1.0], [0.0, -1.0]], "offset": [700, 1100, 700, 1100]}, "classes": [0], "image": [112, 112], "numerical": null}