{"source": "C0030737.jpg", "name": "C0030737_block_45", "annotation": {"type": "LTRBxyxy", "gt": [[19, 34, 34, 43, 0]], "pred": [[19, 32, 32, 39], [0, 61, 6, 70], [79, 97, 90, 107]], "hard_sample": [], "score": [0.9626079797744751, 0.5887847542762756, 0.49203383922576904, 0.4259966313838959], "label": [0, 0, 0, 0], "iou": [[0.40372670807453415, 0.0], [0.0, -1.0], [0.0, -1.0], [0.0, -1.0]], "offset": [1200, 300, 1200, 300]}, "classes": [0], "image": [112, 112], "numerical": null}