{"source": "C0030735.jpg", "name": "C0030735_block_152", "annotation": {"type": "LTRBxyxy", "gt": [[56, 3, 68, 13, 0]], "pred": [[54, 2, 65, 10], [58, 78, 69, 88], [102, 102, 111, 111]], "hard_sample": [], "score": [0.9870160818099976, 0.46376925706863403, 0.4094463884830475], "label": [0, 0, 0], "iou": [[0.43448275862068964, 0.0], [0.0, -1.0], [0.0, -1.0]], "offset": [900, 1000, 900, 1000]}, "classes": [0], "image": [112, 112], "numerical": null}