{"source": "C0030735.jpg", "name": "C0030735_block_91", "annotation": {"type": "LTRBxyxy", "gt": [[64, 85, 78, 98, 0]], "pred": [[68, 83, 79, 95], [56, 101, 66, 111]], "hard_sample": [], "score": [0.8445141315460205, 0.5393930077552795, 0.4705412983894348], "label": [0, 0, 0], "iou": [[0.4672897196261682, 0.0], [0.0, -1.0], [0.0, -1.0]], "offset": [1000, 600, 1000, 600]}, "classes": [0], "image": [112, 112], "numerical": null}