{"source": "C0030737.jpg", "name": "C0030737_block_174", "annotation": {"type": "LTRBxyxy", "gt": [[85, 1, 95, 12, 0]], "pred": [[86, 0, 95, 8], [81, 95, 93, 110]], "hard_sample": [], "score": [0.8832263946533203, 0.7044975161552429, 0.4285615086555481], "label": [0, 0, 0], "iou": [[0.5294117647058824, 0.0], [0.0, -1.0], [0.0, -1.0]], "offset": [600, 1200, 600, 1200]}, "classes": [0], "image": [112, 112], "numerical": null}