{"source": "C0030735.jpg", "name": "C0030735_block_110", "annotation": {"type": "LTRBxyxy", "gt": [[82, 30, 95, 41, 0]], "pred": [[84, 28, 95, 36], [101, 101, 112, 111], [23, 100, 35, 111], [2, 18, 10, 27]], "hard_sample": [], "score": [0.9665162563323975, 0.8001334071159363, 0.6774886846542358, 0.45378372073173523], "label": [0, 0, 0, 0], "iou": [[0.4, 0.0], [0.0, -1.0], [0.0, -1.0], [0.0, -1.0]], "offset": [1300, 700, 1300, 700]}, "classes": [0], "image": [112, 112], "numerical": null}