{"source": "C0030737.jpg", "name": "C0030737_block_162", "annotation": {"type": "LTRBxyxy", "gt": [[85, 101, 95, 112, 0]], "pred": [[84, 100, 92, 109], [53, 77, 64, 88]], "hard_sample": [], "score": [0.7887405157089233, 0.5121902823448181], "label": [0, 0], "iou": [[0.4444444444444444, 0.0], [0.0, -1.0]], "offset": [600, 1100, 600, 1100]}, "classes": [0], "image": [112, 112], "numerical": null}