{"source": "DS000HXJ.jpg", "name": "DS000HXJ_block_62", "annotation": {"type": "LTRBxyxy", "gt": [[52, 19, 63, 27, 0]], "pred": [[51, 18, 59, 24], [104, 104, 111, 111]], "hard_sample": [], "score": [0.9269947409629822, 0.5842152237892151], "label": [0, 0], "iou": [[0.3465346534653465, 0.0], [0.0, -1.0]], "offset": [700, 700, 700, 700]}, "classes": [0], "image": [112, 112], "numerical": null}