{"source": "DS000HVG.jpg", "name": "DS000HVG_block_67", "annotation": {"type": "LTRBxyxy", "gt": [[24, 30, 31, 38, 0], [87, 34, 95, 43, 0], [82, 37, 90, 45, 0]], "pred": [[69, 67, 79, 77], [25, 28, 31, 35]], "hard_sample": [[[87, 34, 95, 43], [69.0, 67.0, 79.0, 77.0, 0.0]], [[82, 37, 90, 45], [80.0, 35.0, 86.0, 41.0, 0.19047619047619047]]], "score": [0.7757063508033752, 0.7404893040657043, 0.6160562634468079], "label": [0, 0, 0], "iou": [[0.0, -1.0], [0.19047619047619047, 2.0], [0.4411764705882353, 0.0]], "offset": [500, 800, 500, 800]}, "classes": [0, 0, 0], "image": [112, 112], "numerical": null}