{"source": "DS000DBO.jpg", "name": "DS000DBO_block_34", "annotation": {"type": "LTRBxyxy", "gt": [[60, 104, 68, 111, 0]], "pred": [[24, 12, 31, 19], [44, 105, 52, 111], [60, 102, 67, 108], [55, 72, 63, 78]], "hard_sample": [], "score": [0.5386512279510498, 0.47378286719322205, 0.4725663363933563, 0.4583851993083954], "label": [0, 0, 0, 0], "iou": [[0.0, -1.0], [0.0, -1.0], [0.4, 0.0], [0.0, -1.0]], "offset": [700, 400, 700, 400]}, "classes": [0], "image": [112, 112], "numerical": null}