{"source": "DS000E6N.jpg", "name": "DS000E6N_block_35", "annotation": {"type": "LTRBxyxy", "gt": [[58, 58, 65, 67, 0], [62, 47, 74, 58, 0], [73, 47, 95, 71, 0]], "pred": [[63, 43, 74, 55], [56, 56, 62, 63], [8, 53, 13, 59]], "hard_sample": [[[73, 47, 95, 71], [63.0, 43.0, 74.0, 55.0, 0.012269938650306749]]], "score": [0.6278528571128845, 0.4385102391242981, 0.40348654985427856], "label": [0, 0, 0], "iou": [[0.5, 1.0], [0.23529411764705882, 0.0], [0.0, -1.0]], "offset": [800, 400, 800, 400]}, "classes": [0, 0, 0], "image": [112, 112], "numerical": null}