{"source": "DS000E6N.jpg", "name": "DS000E6N_block_55", "annotation": {"type": "LTRBxyxy", "gt": [[56, 94, 64, 101, 0]], "pred": [[57, 92, 64, 98], [80, 44, 87, 49]], "hard_sample": [], "score": [0.8126659989356995, 0.7954999208450317], "label": [0, 0], "iou": [[0.4, 0.0], [0.0, -1.0]], "offset": [900, 600, 900, 600]}, "classes": [0], "image": [112, 112], "numerical": null}