{"source": "DS000HVG.jpg", "name": "DS000HVG_block_61", "annotation": {"type": "LTRBxyxy", "gt": [[38, 33, 46, 40, 0]], "pred": [[39, 31, 47, 37], [100, 20, 107, 27], [106, 60, 111, 67]], "hard_sample": [], "score": [0.781379759311676, 0.6134852170944214, 0.5391694903373718, 0.4844440519809723, 0.4543260931968689], "label": [0, 0, 0, 0, 0], "iou": [[0.3684210526315789, 0.0], [0.0, -1.0], [0.0, -1.0], [0.0, -1.0], [0.0, -1.0]], "offset": [600, 700, 600, 700]}, "classes": [0], "image": [112, 112], "numerical": null}