{"source": "DS000HVG.jpg", "name": "DS000HVG_block_47", "annotation": {"type": "LTRBxyxy", "gt": [[24, 59, 32, 66, 0]], "pred": [[104, 85, 110, 92], [26, 57, 33, 63], [84, 42, 91, 49]], "hard_sample": [], "score": [0.9036374092102051, 0.7828336954116821, 0.5633326768875122], "label": [0, 0, 0], "iou": [[0.0, -1.0], [0.32432432432432434, 0.0], [0.0, -1.0]], "offset": [1000, 500, 1000, 500]}, "classes": [0], "image": [112, 112], "numerical": null}