{"source": "DS000HVG.jpg", "name": "DS000HVG_block_4", "annotation": {"type": "LTRBxyxy", "gt": [[83, 104, 94, 114, 0]], "pred": [[85, 101, 92, 110]], "hard_sample": [], "score": [0.8897741436958313], "label": [0], "iou": [[0.32061068702290074, 0.0]], "offset": [400, 100, 400, 100]}, "classes": [0], "image": [112, 112], "numerical": null}