{"source": "DS00076I.jpg", "name": "DS00076I_block_45", "annotation": {"type": "LTRBxyxy", "gt": [[91, 106, 102, 116, 0]], "pred": [[21, 103, 31, 111], [0, 9, 6, 16], [91, 105, 101, 111], [12, 85, 21, 93]], "hard_sample": [], "score": [0.6300954222679138, 0.613151490688324, 0.485867440700531, 0.4672664701938629], "label": [0, 0, 0, 0], "iou": [[0.0, -1.0], [0.0, -1.0], [0.4166666666666667, 0.0], [0.0, -1.0]], "offset": [800, 500, 800, 500]}, "classes": [0], "image": [112, 112], "numerical": null}