{"source": "DS000DBO.jpg", "name": "DS000DBO_block_8", "annotation": {"type": "LTRBxyxy", "gt": [[67, 47, 74, 54, 0], [51, 91, 60, 101, 0]], "pred": [[52, 89, 61, 99], [22, 22, 34, 33]], "hard_sample": [[[67, 47, 74, 54], [52.0, 89.0, 61.0, 99.0, 0.0]]], "score": [0.6834927201271057, 0.6445510983467102, 0.4704899489879608], "label": [0, 0, 0], "iou": [[0.5517241379310345, 1.0], [0.0, -1.0], [0.0, -1.0]], "offset": [800, 100, 800, 100]}, "classes": [0, 0], "image": [112, 112], "numerical": null}