{"source": "DS000DBO.jpg", "name": "DS000DBO_block_44", "annotation": {"type": "LTRBxyxy", "gt": [[60, 4, 68, 11, 0]], "pred": [[60, 3, 66, 8], [39, 4, 50, 14], [95, 61, 108, 71], [23, 62, 33, 73]], "hard_sample": [], "score": [0.7159097194671631, 0.6171298623085022, 0.581566572189331, 0.4309042692184448], "label": [0, 0, 0, 0], "iou": [[0.3870967741935484, 0.0], [0.0, -1.0], [0.0, -1.0], [0.0, -1.0]], "offset": [700, 500, 700, 500]}, "classes": [0], "image": [112, 112], "numerical": null}