{"source": "DS000HVG.jpg", "name": "DS000HVG_block_5", "annotation": {"type": "LTRBxyxy", "gt": [[40, 54, 49, 63, 0]], "pred": [[15, 66, 30, 77], [39, 55, 48, 62]], "hard_sample": [], "score": [0.9541153311729431, 0.7494778037071228], "label": [0, 0], "iou": [[0.0, -1.0], [0.6363636363636364, 0.0]], "offset": [500, 100, 500, 100]}, "classes": [0], "image": [112, 112], "numerical": null}