{"source": "DS000QA2.jpg", "name": "DS000QA2_block_34", "annotation": {"type": "LTRBxyxy", "gt": [[31, 29, 40, 40, 0]], "pred": [[29, 27, 38, 36], [89, 36, 105, 52], [56, 60, 63, 66]], "hard_sample": [], "score": [0.9146623611450195, 0.78095942735672, 0.5133451223373413, 0.413064569234848], "label": [0, 0, 0, 0], "iou": [[0.37404580152671757, 0.0], [0.0, -1.0], [0.0, -1.0], [0.0, -1.0]], "offset": [700, 400, 700, 400]}, "classes": [0], "image": [112, 112], "numerical": null}