{"source": "DS000E6N.jpg", "name": "DS000E6N_block_47", "annotation": {"type": "LTRBxyxy", "gt": [[0, 17, 9, 32, 0]], "pred": [[11, 100, 21, 110], [84, 105, 91, 111], [43, 47, 50, 53]], "hard_sample": [[[0, 17, 9, 32], [11.0, 100.0, 21.0, 110.0, 0.0]]], "score": [0.795822262763977, 0.5874089598655701, 0.5455700755119324, 0.5286047458648682], "label": [0, 0, 0, 0], "iou": [[0.0, -1.0], [0.0, -1.0], [0.0, -1.0], [0.0, -1.0]], "offset": [1000, 500, 1000, 500]}, "classes": [0], "image": [112, 112], "numerical": null}