{"source": "DS000DBO.jpg", "name": "DS000DBO_block_14", "annotation": {"type": "LTRBxyxy", "gt": [[18, 83, 25, 91, 0]], "pred": [[45, 101, 57, 112], [85, 8, 90, 15]], "hard_sample": [[[18, 83, 25, 91], [45.0, 101.0, 57.0, 112.0, 0.0]]], "score": [0.5289563536643982, 0.4726593494415283], "label": [0, 0], "iou": [[0.0, -1.0], [0.0, -1.0]], "offset": [600, 200, 600, 200]}, "classes": [0], "image": [112, 112], "numerical": null}