{"source": "DS000DBO.jpg", "name": "DS000DBO_block_41", "annotation": {"type": "LTRBxyxy", "gt": [[76, 2, 85, 11, 0]], "pred": [[76, 0, 83, 7], [72, 57, 79, 65]], "hard_sample": [], "score": [0.501194953918457, 0.453997403383255], "label": [0, 0], "iou": [[0.3684210526315789, 0.0], [0.0, -1.0]], "offset": [400, 500, 400, 500]}, "classes": [0], "image": [112, 112], "numerical": null}