{"source": "DS000HXJ.jpg", "name": "DS000HXJ_block_74", "annotation": {"type": "LTRBxyxy", "gt": [[64, 15, 75, 24, 0]], "pred": [[65, 12, 73, 20], [68, 90, 77, 99]], "hard_sample": [], "score": [0.912604808807373, 0.4588528871536255], "label": [0, 0], "iou": [[0.3252032520325203, 0.0], [0.0, -1.0]], "offset": [600, 848, 600, 848]}, "classes": [0], "image": [112, 112], "numerical": null}