{"source": "DS000E6N.jpg", "name": "DS000E6N_block_62", "annotation": {"type": "LTRBxyxy", "gt": [[50, 24, 59, 33, 0]], "pred": [[52, 23, 59, 29], [90, 57, 96, 63]], "hard_sample": [], "score": [0.8084127306938171, 0.608343243598938], "label": [0, 0], "iou": [[0.3977272727272727, 0.0], [0.0, -1.0]], "offset": [700, 700, 700, 700]}, "classes": [0], "image": [112, 112], "numerical": null}