{"source": "DS000HVG.jpg", "name": "DS000HVG_block_0", "annotation": {"type": "LTRBxyxy", "gt": [[48, 89, 60, 101, 0]], "pred": [[50, 90, 57, 96]], "hard_sample": [], "score": [0.5966921448707581], "label": [0], "iou": [[0.2916666666666667, 0.0]], "offset": [500, 0, 500, 0]}, "classes": [0], "image": [112, 112], "numerical": null}