{"source": "DS000TZ5.jpg", "name": "DS000TZ5_block_58", "annotation": {"type": "LTRBxyxy", "gt": [[44, 25, 52, 32, 0]], "pred": [[44, 22, 53, 29], [18, 78, 26, 84]], "hard_sample": [], "score": [0.9404500722885132, 0.6535339951515198], "label": [0, 0], "iou": [[0.367816091954023, 0.0], [0.0, -1.0]], "offset": [400, 700, 400, 700]}, "classes": [0], "image": [112, 112], "numerical": null}