{"source": "DS000QA2.jpg", "name": "DS000QA2_block_66", "annotation": {"type": "LTRBxyxy", "gt": [[42, 22, 50, 29, 0]], "pred": [[44, 20, 51, 25], [84, 60, 91, 68]], "hard_sample": [], "score": [0.7945412993431091, 0.44458794593811035], "label": [0, 0], "iou": [[0.2465753424657534, 0.0], [0.0, -1.0]], "offset": [400, 800, 400, 800]}, "classes": [0], "image": [112, 112], "numerical": null}