{"source": "DS000HXJ.jpg", "name": "DS000HXJ_block_75", "annotation": {"type": "LTRBxyxy", "gt": [[69, 74, 78, 83, 0]], "pred": [[65, 72, 75, 79]], "hard_sample": [], "score": [0.9457985758781433, 0.4470171630382538, 0.4281280040740967], "label": [0, 0, 0], "iou": [[0.24793388429752067, 0.0], [0.0, -1.0], [0.0, -1.0]], "offset": [700, 848, 700, 848]}, "classes": [0], "image": [112, 112], "numerical": null}