{"source": "DS000HXJ.jpg", "name": "DS000HXJ_block_68", "annotation": {"type": "LTRBxyxy", "gt": [[64, 63, 75, 72, 0]], "pred": [[64, 61, 71, 68], [68, 61, 75, 67], [11, 66, 22, 79]], "hard_sample": [], "score": [0.8723824620246887, 0.7834658622741699, 0.682856023311615], "label": [0, 0, 0], "iou": [[0.30973451327433627, 0.0], [0.24778761061946902, 0.0], [0.0, -1.0]], "offset": [600, 800, 600, 800]}, "classes": [0], "image": [112, 112], "numerical": null}