{"source": "DS000FBC.jpg", "name": "DS000FBC_block_42", "annotation": {"type": "LTRBxyxy", "gt": [[89, 33, 98, 40, 0], [78, 28, 88, 38, 0]], "pred": [[77, 27, 85, 35], [89, 30, 98, 38]], "hard_sample": [], "score": [0.818101704120636, 0.5024733543395996], "label": [0, 0], "iou": [[0.4260869565217391, 1.0], [0.5, 0.0]], "offset": [500, 500, 500, 500]}, "classes": [0, 0], "image": [112, 112], "numerical": null}