{"source": "DS000FBC.jpg", "name": "DS000FBC_block_62", "annotation": {"type": "LTRBxyxy", "gt": [[66, 77, 75, 85, 0]], "pred": [[69, 75, 75, 82], [53, 22, 58, 28]], "hard_sample": [], "score": [0.7789961099624634, 0.611598789691925], "label": [0, 0], "iou": [[0.35714285714285715, 0.0], [0.0, -1.0]], "offset": [700, 700, 700, 700]}, "classes": [0], "image": [112, 112], "numerical": null}