{"source": "DS000VCN.jpg", "name": "DS000VCN_block_50", "annotation": {"type": "LTRBxyxy", "gt": [[70, 48, 77, 55, 0]], "pred": [[66, 45, 73, 51], [92, 73, 98, 79]], "hard_sample": [[[70, 48, 77, 55], [66.0, 45.0, 73.0, 51.0, 0.10975609756097561]]], "score": [0.5173887014389038, 0.4295775294303894], "label": [0, 0], "iou": [[0.10975609756097561, 0.0], [0.0, -1.0]], "offset": [500, 600, 500, 600]}, "classes": [0], "image": [112, 112], "numerical": null}