{"source": "DS000HVG.jpg", "name": "DS000HVG_block_55", "annotation": {"type": "LTRBxyxy", "gt": [[4, 41, 15, 51, 0]], "pred": [[3, 40, 12, 47], [60, 66, 70, 77]], "hard_sample": [], "score": [0.9234917163848877, 0.4190373122692108], "label": [0, 0], "iou": [[0.384, 0.0], [0.0, -1.0]], "offset": [900, 600, 900, 600]}, "classes": [0], "image": [112, 112], "numerical": null}