{"source": "DS000FGF.jpg", "name": "DS000FGF_block_32", "annotation": {"type": "LTRBxyxy", "gt": [[50, 81, 60, 91, 0]], "pred": [[50, 79, 58, 87], [52, 47, 61, 55], [11, 46, 23, 57]], "hard_sample": [], "score": [0.8837743997573853, 0.6962426900863647, 0.4924532473087311], "label": [0, 0, 0], "iou": [[0.41379310344827586, 0.0], [0.0, -1.0], [0.0, -1.0]], "offset": [500, 400, 500, 400]}, "classes": [0], "image": [112, 112], "numerical": null}