{"source": "DS000HXJ.jpg", "name": "DS000HXJ_block_41", "annotation": {"type": "LTRBxyxy", "gt": [[14, 37, 22, 46, 0], [104, 54, 113, 64, 0]], "pred": [[12, 35, 19, 44], [103, 54, 111, 62]], "hard_sample": [], "score": [0.9415046572685242, 0.8772304058074951, 0.7760769724845886], "label": [0, 0, 0], "iou": [[0.35, 0.0], [0.5714285714285714, 1.0], [0.0, -1.0]], "offset": [400, 500, 400, 500]}, "classes": [0, 0], "image": [112, 112], "numerical": null}