{"source": "DS000FBC.jpg", "name": "DS000FBC_block_24", "annotation": {"type": "LTRBxyxy", "gt": [[62, 68, 71, 75, 0], [78, 43, 86, 50, 0], [70, 50, 81, 61, 0]], "pred": [[70, 50, 77, 58], [76, 41, 83, 48], [0, 24, 7, 32], [103, 104, 111, 111]], "hard_sample": [[[62, 68, 71, 75], [70.0, 50.0, 77.0, 58.0, 0.0]]], "score": [0.7266988754272461, 0.6074588298797607, 0.41234394907951355, 0.404306024312973], "label": [0, 0, 0, 0], "iou": [[0.4628099173553719, 2.0], [0.3125, 1.0], [0.0, -1.0], [0.0, -1.0]], "offset": [700, 300, 700, 300]}, "classes": [0, 0, 0], "image": [112, 112], "numerical": null}