{"source": "DS000FBC.jpg", "name": "DS000FBC_block_43", "annotation": {"type": "LTRBxyxy", "gt": [[14, 74, 22, 83, 0], [53, 90, 62, 99, 0]], "pred": [[53, 88, 62, 95], [87, 0, 95, 7], [13, 73, 20, 79]], "hard_sample": [], "score": [0.9410717487335205, 0.6406177282333374, 0.6204376220703125], "label": [0, 0, 0], "iou": [[0.45454545454545453, 1.0], [0.0, -1.0], [0.35714285714285715, 0.0]], "offset": [600, 500, 600, 500]}, "classes": [0, 0], "image": [112, 112], "numerical": null}