{"source": "DS00076I.jpg", "name": "DS00076I_block_47", "annotation": {"type": "LTRBxyxy", "gt": [[42, 69, 49, 76, 0]], "pred": [], "hard_sample": [], "score": [0.6778562068939209, 0.558668315410614, 0.4032846689224243], "label": [0, 0, 0], "iou": [[0.3076923076923077, 0.0], [0.3076923076923077, 0.0], [0.0, -1.0]], "offset": [1000, 500, 1000, 500]}, "classes": [0], "image": [112, 112], "numerical": null}