{"source": "DS000HXJ.jpg", "name": "DS000HXJ_block_31", "annotation": {"type": "LTRBxyxy", "gt": [[28, 59, 36, 67, 0]], "pred": [[26, 58, 34, 64], [105, 75, 111, 83]], "hard_sample": [], "score": [0.8876679539680481, 0.6639143228530884, 0.6501662731170654, 0.49041640758514404, 0.44262978434562683], "label": [0, 0, 0, 0, 0], "iou": [[0.36585365853658536, 0.0], [0.0, -1.0], [0.0, -1.0], [0.0, -1.0], [0.0, -1.0]], "offset": [400, 400, 400, 400]}, "classes": [0], "image": [112, 112], "numerical": null}