{"source": "DS000OQB.jpg", "name": "DS000OQB_block_1", "annotation": {"type": "LTRBxyxy", "gt": [[76, 70, 85, 79, 0]], "pred": [[76, 69, 83, 75], [39, 54, 52, 66]], "hard_sample": [], "score": [0.7285382747650146, 0.5719515085220337], "label": [0, 0], "iou": [[0.3977272727272727, 0.0], [0.0, -1.0]], "offset": [600, 0, 600, 0]}, "classes": [0], "image": [112, 112], "numerical": null}