{"source": "DS000HXJ.jpg", "name": "DS000HXJ_block_21", "annotation": {"type": "LTRBxyxy", "gt": [[90, 17, 97, 24, 0]], "pred": [[89, 14, 95, 21]], "hard_sample": [], "score": [0.8067017793655396, 0.7787474393844604, 0.47255536913871765], "label": [0, 0, 0], "iou": [[0.28169014084507044, 0.0], [0.2564102564102564, 0.0], [0.0, -1.0]], "offset": [400, 300, 400, 300]}, "classes": [0], "image": [112, 112], "numerical": null}