{"source": "DS000OQB.jpg", "name": "DS000OQB_block_37", "annotation": {"type": "LTRBxyxy", "gt": [[35, 86, 45, 94, 0]], "pred": [[37, 85, 43, 93], [56, 33, 62, 40], [33, 85, 40, 93]], "hard_sample": [], "score": [0.7747058868408203, 0.5980041027069092, 0.537321925163269], "label": [0, 0, 0], "iou": [[0.4883720930232558, 0.0], [0.0, -1.0], [0.3465346534653465, 0.0]], "offset": [1100, 400, 1100, 400]}, "classes": [0], "image": [112, 112], "numerical": null}