{"source": "DS000HVG.jpg", "name": "DS000HVG_block_53", "annotation": {"type": "LTRBxyxy", "gt": [[86, 83, 96, 91, 0], [90, 52, 104, 60, 0]], "pred": [[88, 81, 95, 87], [49, 5, 56, 11]], "hard_sample": [[[90, 52, 104, 60], [88.0, 81.0, 95.0, 87.0, 0.0]]], "score": [0.7397711277008057, 0.6177008152008057], "label": [0, 0], "iou": [[0.2978723404255319, 0.0], [0.0, -1.0]], "offset": [700, 600, 700, 600]}, "classes": [0, 0], "image": [112, 112], "numerical": null}