{"source": "DS000VCN.jpg", "name": "DS000VCN_block_58", "annotation": {"type": "LTRBxyxy", "gt": [[43, 24, 53, 32, 0]], "pred": [[45, 23, 52, 28]], "hard_sample": [], "score": [0.9477236270904541, 0.7653897404670715, 0.5807279944419861], "label": [0, 0, 0], "iou": [[0.3218390804597701, 0.0], [0.0, -1.0], [0.0, -1.0]], "offset": [400, 700, 400, 700]}, "classes": [0], "image": [112, 112], "numerical": null}