{"source": "DS000TZ5.jpg", "name": "DS000TZ5_block_42", "annotation": {"type": "LTRBxyxy", "gt": [[51, 78, 64, 90, 0]], "pred": [[49, 78, 60, 87]], "hard_sample": [], "score": [0.9832950234413147, 0.6583307385444641], "label": [0, 0], "iou": [[0.46551724137931033, 0.0], [0.0, -1.0]], "offset": [600, 500, 600, 500]}, "classes": [0], "image": [112, 112], "numerical": null}