{"source": "DS000FBC.jpg", "name": "DS000FBC_block_56", "annotation": {"type": "LTRBxyxy", "gt": [[20, 79, 35, 92, 0]], "pred": [[20, 78, 32, 87], [64, 105, 71, 111]], "hard_sample": [], "score": [0.9116456508636475, 0.7170996069908142, 0.6542271375656128, 0.4708963632583618], "label": [0, 0, 0, 0], "iou": [[0.463768115942029, 0.0], [0.0, -1.0], [0.0, -1.0], [0.0, -1.0]], "offset": [1000, 600, 1000, 600]}, "classes": [0], "image": [112, 112], "numerical": null}