{"source": "DS000HXJ.jpg", "name": "DS000HXJ_block_20", "annotation": {"type": "LTRBxyxy", "gt": [[24, 42, 32, 50, 0]], "pred": [[24, 40, 32, 46], [96, 34, 102, 40], [64, 104, 71, 109], [99, 34, 105, 41]], "hard_sample": [], "score": [0.8829594254493713, 0.7993044853210449, 0.6992294192314148, 0.4934038817882538, 0.43880656361579895], "label": [0, 0, 0, 0, 0], "iou": [[0.4, 0.0], [0.0, -1.0], [0.0, -1.0], [0.0, -1.0], [0.0, -1.0]], "offset": [300, 300, 300, 300]}, "classes": [0], "image": [112, 112], "numerical": null}