{"source": "DS00076I.jpg", "name": "DS00076I_block_13", "annotation": {"type": "LTRBxyxy", "gt": [[66, 16, 72, 23, 0]], "pred": [[63, 11, 73, 19]], "hard_sample": [[[66, 16, 72, 23], [63.0, 11.0, 73.0, 19.0, 0.17307692307692307]]], "score": [0.609158456325531, 0.5582102537155151, 0.45358067750930786], "label": [0, 0, 0], "iou": [[0.17307692307692307, 0.0], [0.0, -1.0], [0.0, -1.0]], "offset": [500, 200, 500, 200]}, "classes": [0], "image": [112, 112], "numerical": null}