{"source": "DS000HVG.jpg", "name": "DS000HVG_block_54", "annotation": {"type": "LTRBxyxy", "gt": [[104, 41, 115, 51, 0]], "pred": [[103, 40, 112, 48], [105, 72, 112, 81]], "hard_sample": [], "score": [0.8818966746330261, 0.45851224660873413, 0.4573652744293213], "label": [0, 0, 0], "iou": [[0.4444444444444444, 0.0], [0.0, -1.0], [0.0, -1.0]], "offset": [800, 600, 800, 600]}, "classes": [0], "image": [112, 112], "numerical": null}