{"source": "DS000QA2.jpg", "name": "DS000QA2_block_56", "annotation": {"type": "LTRBxyxy", "gt": [[2, 100, 13, 114, 0]], "pred": [[0, 98, 10, 110], [44, 94, 61, 109]], "hard_sample": [], "score": [0.9454089403152466, 0.5155496001243591], "label": [0, 0], "iou": [[0.41237113402061853, 0.0], [0.0, -1.0]], "offset": [1000, 600, 1000, 600]}, "classes": [0], "image": [112, 112], "numerical": null}