{"source": "DS000OQB.jpg", "name": "DS000OQB_block_58", "annotation": {"type": "LTRBxyxy", "gt": [[44, 24, 52, 31, 0]], "pred": [[43, 22, 51, 29], [87, 59, 95, 68]], "hard_sample": [], "score": [0.9150285124778748, 0.4022864103317261], "label": [0, 0], "iou": [[0.45454545454545453, 0.0], [0.0, -1.0]], "offset": [400, 700, 400, 700]}, "classes": [0], "image": [112, 112], "numerical": null}