{"source": "DS000FGF.jpg", "name": "DS000FGF_block_41", "annotation": {"type": "LTRBxyxy", "gt": [[43, 72, 52, 84, 0]], "pred": [[42, 71, 50, 78], [103, 30, 112, 40], [88, 46, 101, 59], [4, 2, 10, 9]], "hard_sample": [], "score": [0.9180173277854919, 0.692543089389801, 0.5387173295021057, 0.4864254891872406], "label": [0, 0, 0, 0], "iou": [[0.3442622950819672, 0.0], [0.0, -1.0], [0.0, -1.0], [0.0, -1.0]], "offset": [400, 500, 400, 500]}, "classes": [0], "image": [112, 112], "numerical": null}