{"source": "DS000DBO.jpg", "name": "DS000DBO_block_61", "annotation": {"type": "LTRBxyxy", "gt": [[92, 29, 101, 38, 0]], "pred": [[91, 28, 98, 34], [104, 102, 111, 109]], "hard_sample": [], "score": [0.8416951298713684, 0.5706169605255127], "label": [0, 0], "iou": [[0.3225806451612903, 0.0], [0.0, -1.0]], "offset": [600, 700, 600, 700]}, "classes": [0], "image": [112, 112], "numerical": null}