{"source": "DS000HVG.jpg", "name": "DS000HVG_block_12", "annotation": {"type": "LTRBxyxy", "gt": [[83, 4, 94, 14, 0]], "pred": [[84, 3, 91, 9], [1, 73, 7, 80]], "hard_sample": [], "score": [0.8813294172286987, 0.5116361379623413], "label": [0, 0], "iou": [[0.29914529914529914, 0.0], [0.0, -1.0]], "offset": [400, 200, 400, 200]}, "classes": [0], "image": [112, 112], "numerical": null}