{"source": "DS000HVG.jpg", "name": "DS000HVG_block_70", "annotation": {"type": "LTRBxyxy", "gt": [[85, 42, 92, 49, 0], [78, 33, 85, 40, 0], [11, 42, 18, 49, 0], [74, 38, 83, 45, 0]], "pred": [[8, 39, 15, 45], [77, 29, 83, 35], [91, 87, 98, 96]], "hard_sample": [[[85, 42, 92, 49], [8.0, 39.0, 15.0, 45.0, 0.0]], [[78, 33, 85, 40], [77.0, 29.0, 83.0, 35.0, 0.13333333333333333]], [[11, 42, 18, 49], [8.0, 39.0, 15.0, 45.0, 0.1518987341772152]], [[74, 38, 83, 45], [8.0, 39.0, 15.0, 45.0, 0.0]]], "score": [0.7585780620574951, 0.7056357860565186, 0.41279688477516174], "label": [0, 0, 0], "iou": [[0.1518987341772152, 2.0], [0.13333333333333333, 1.0], [0.0, -1.0]], "offset": [800, 800, 800, 800]}, "classes": [0, 0, 0, 0], "image": [112, 112], "numerical": null}