{"source": "DS000OQB.jpg", "name": "DS000OQB_block_52", "annotation": {"type": "LTRBxyxy", "gt": [[9, 73, 18, 81, 0]], "pred": [[7, 71, 14, 77], [15, 9, 23, 16], [12, 72, 18, 77]], "hard_sample": [], "score": [0.8988684415817261, 0.8319199085235596, 0.551262378692627], "label": [0, 0, 0], "iou": [[0.2127659574468085, 0.0], [0.0, -1.0], [0.3076923076923077, 0.0]], "offset": [700, 600, 700, 600]}, "classes": [0], "image": [112, 112], "numerical": null}