{"source": "DS000VCN.jpg", "name": "DS000VCN_block_20", "annotation": {"type": "LTRBxyxy", "gt": [[37, 36, 44, 43, 0]], "pred": [[36, 35, 44, 41], [84, 12, 95, 25], [21, 72, 32, 86]], "hard_sample": [], "score": [0.8687254190444946, 0.7065989971160889, 0.5938093066215515, 0.5076752305030823], "label": [0, 0, 0, 0], "iou": [[0.5645161290322581, 0.0], [0.0, -1.0], [0.0, -1.0], [0.0, -1.0]], "offset": [400, 300, 400, 300]}, "classes": [0], "image": [112, 112], "numerical": null}