{"source": "DS000HXJ.jpg", "name": "DS000HXJ_block_30", "annotation": {"type": "LTRBxyxy", "gt": [[46, 62, 56, 71, 0]], "pred": [[43, 42, 53, 52], [101, 79, 108, 85], [47, 61, 54, 67], [53, 16, 59, 23], [5, 35, 12, 45]], "hard_sample": [], "score": [0.8177140355110168, 0.7923315763473511, 0.7646241188049316, 0.5739951133728027, 0.5334628224372864, 0.5126056671142578], "label": [0, 0, 0, 0, 0, 0], "iou": [[0.0, -1.0], [0.0, -1.0], [0.36082474226804123, 0.0], [0.0, -1.0], [0.0, -1.0], [0.0, -1.0]], "offset": [300, 400, 300, 400]}, "classes": [0], "image": [112, 112], "numerical": null}