{"source": "DS000HVG.jpg", "name": "DS000HVG_block_36", "annotation": {"type": "LTRBxyxy", "gt": [[69, 73, 76, 81, 0]], "pred": [[67, 72, 75, 78], [102, 20, 112, 32], [40, 1, 48, 10]], "hard_sample": [], "score": [0.8399006724357605, 0.5490622520446777, 0.5246875882148743], "label": [0, 0, 0], "iou": [[0.40540540540540543, 0.0], [0.0, -1.0], [0.0, -1.0]], "offset": [900, 400, 900, 400]}, "classes": [0], "image": [112, 112], "numerical": null}