{"source": "DS000HVG.jpg", "name": "DS000HVG_block_69", "annotation": {"type": "LTRBxyxy", "gt": [[56, 19, 66, 28, 0]], "pred": [[55, 17, 63, 24], [59, 84, 66, 90], [49, 9, 58, 16], [63, 10, 69, 16]], "hard_sample": [], "score": [0.8338010311126709, 0.6681110858917236, 0.45645084977149963, 0.4016028344631195], "label": [0, 0, 0, 0], "iou": [[0.3153153153153153, 0.0], [0.0, -1.0], [0.0, -1.0], [0.0, -1.0]], "offset": [700, 800, 700, 800]}, "classes": [0], "image": [112, 112], "numerical": null}