{"source": "DS000HVG.jpg", "name": "DS000HVG_block_9", "annotation": {"type": "LTRBxyxy", "gt": [[7, 2, 16, 11, 0]], "pred": [[8, 1, 15, 7], [80, 41, 85, 48]], "hard_sample": [], "score": [0.8273286819458008, 0.4346555471420288], "label": [0, 0], "iou": [[0.3977272727272727, 0.0], [0.0, -1.0]], "offset": [900, 100, 900, 100]}, "classes": [0], "image": [112, 112], "numerical": null}