{"source": "DS000HVG.jpg", "name": "DS000HVG_block_59", "annotation": {"type": "LTRBxyxy", "gt": [[28, 41, 35, 50, 0], [70, 105, 79, 113, 0]], "pred": [], "hard_sample": [], "score": [0.9363004565238953, 0.4611363112926483, 0.45606303215026855], "label": [0, 0, 0], "iou": [[0.36363636363636365, 0.0], [0.36, 1.0], [0.0, -1.0]], "offset": [400, 700, 400, 700]}, "classes": [0, 0], "image": [112, 112], "numerical": null}