{"source": "DS000QA2.jpg", "name": "DS000QA2_block_65", "annotation": {"type": "LTRBxyxy", "gt": [[2, 0, 13, 14, 0]], "pred": [[2, 0, 11, 10], [74, 42, 82, 51]], "hard_sample": [], "score": [0.875104546546936, 0.5734032988548279], "label": [0, 0], "iou": [[0.5844155844155844, 0.0], [0.0, -1.0]], "offset": [1000, 700, 1000, 700]}, "classes": [0], "image": [112, 112], "numerical": null}