{"source": "DS000TZ5.jpg", "name": "DS000TZ5_block_49", "annotation": {"type": "LTRBxyxy", "gt": [[39, 72, 54, 87, 0]], "pred": [[51, 18, 60, 26], [44, 75, 51, 81]], "hard_sample": [[[39, 72, 54, 87], [44.0, 75.0, 51.0, 81.0, 0.18666666666666668]]], "score": [0.96189284324646, 0.8157002925872803], "label": [0, 0], "iou": [[0.0, -1.0], [0.18666666666666668, 0.0]], "offset": [400, 600, 400, 600]}, "classes": [0], "image": [112, 112], "numerical": null}