{"source": "DS000E6N.jpg", "name": "DS000E6N_block_25", "annotation": {"type": "LTRBxyxy", "gt": [[63, 15, 71, 22, 0], [54, 15, 66, 27, 0]], "pred": [], "hard_sample": [[[54, 15, 66, 27], [61.0, 13.0, 67.0, 19.0, 0.125]]], "score": [0.6673582792282104, 0.5587294101715088, 0.46470677852630615, 0.40431851148605347], "label": [0, 0, 0, 0], "iou": [[0.35294117647058826, 0.0], [0.0, -1.0], [0.21052631578947367, 0.0], [0.0, -1.0]], "offset": [800, 300, 800, 300]}, "classes": [0, 0], "image": [112, 112], "numerical": null}