{"source": "DS000QA2.jpg", "name": "DS000QA2_block_64", "annotation": {"type": "LTRBxyxy", "gt": [[102, 0, 113, 14, 0]], "pred": [[101, 0, 111, 10], [35, 48, 46, 56]], "hard_sample": [], "score": [0.7469660639762878, 0.6531980037689209, 0.5347304344177246], "label": [0, 0, 0], "iou": [[0.5487804878048781, 0.0], [0.0, -1.0], [0.0, -1.0]], "offset": [900, 700, 900, 700]}, "classes": [0], "image": [112, 112], "numerical": null}