{"source": "DS000TZ5.jpg", "name": "DS000TZ5_block_31", "annotation": {"type": "LTRBxyxy", "gt": [[55, 54, 70, 70, 0]], "pred": [[54, 54, 70, 69], [20, 29, 33, 41]], "hard_sample": [], "score": [0.9815118908882141, 0.7410998344421387], "label": [0, 0], "iou": [[0.8823529411764706, 0.0], [0.0, -1.0]], "offset": [500, 400, 500, 400]}, "classes": [0], "image": [112, 112], "numerical": null}