{"source": "DS000FGF.jpg", "name": "DS000FGF_block_31", "annotation": {"type": "LTRBxyxy", "gt": [[16, 0, 31, 10, 0]], "pred": [[92, 20, 102, 31], [37, 56, 50, 68]], "hard_sample": [[[16, 0, 31, 10], [92.0, 20.0, 102.0, 31.0, 0.0]]], "score": [0.6149867177009583, 0.5742866396903992], "label": [0, 0], "iou": [[0.0, -1.0], [0.0, -1.0]], "offset": [400, 400, 400, 400]}, "classes": [0], "image": [112, 112], "numerical": null}